State,District,Latitude,Longitude,District code,Population,Hindus,Muslims,Christians,Sikhs,Buddhists,Jains,Other Religion,Households,Urban Households,Rural Households,SC,ST,Households with Internet,Housholds with Electric Lighting,Households with Computer,sex_ratio,literacy rate
Andhra Pradesh,Adilabad,19.284513950073435,78.81321233480176,532,2741239,2399901,275970,15422,1377,25510,617,322,817714,220248,597466,488596,495794,5512,566108,45202,999.0,54.0
Andhra Pradesh,Anantapur,14.312065561843148,77.4601584478577,553,4081148,3599372,443456,20463,932,341,1417,309,1244428,341431,902997,583135,154127,8606,897970,48299,1024.0,57.0
Andhra Pradesh,Chittoor,13.33109263067696,78.92763898886037,554,4174064,3737588,397870,24129,867,253,1322,358,1303870,395900,907970,785760,159165,13763,944555,67087,1003.0,64.0
Andhra Pradesh,East Godavari,16.782718320784902,82.2432074720511,545,5154296,4983330,77777,77825,738,413,4149,403,1605841,406362,1199479,945269,213195,22411,1297273,93784,994.0,64.0
Andhra Pradesh,Guntur,15.884925767634847,80.58657614107885,548,4887813,4217597,559770,89763,764,323,3282,332,1582990,513113,1069877,957407,247089,19383,1186028,80434,997.0,61.0
Andhra Pradesh,Hyderabad,17.38971555555556,78.46668888888888,536,3943323,2046051,1713405,87522,11446,1268,19560,1929,1066289,1066289,0,247927,48937,149034,869721,274653,1049.0,73.0
Andhra Pradesh,Karimnagar,18.515483193277312,79.43765428571413,534,3776269,3491139,244723,24979,2086,332,312,115,1165280,288044,877236,709757,106745,8831,926768,46584,992.0,58.0
Andhra Pradesh,Khammam,17.683921325051784,80.67008643892335,541,2797370,2595321,158887,33463,655,217,459,539,870625,201363,669262,462896,765565,8628,668519,42171,989.0,58.0
Andhra Pradesh,Krishna,16.143872753151673,81.14805061000413,547,4517398,4023678,307043,145598,1393,863,6320,906,1476334,567042,909292,871063,132464,30438,1163932,101450,1008.0,67.0
Andhra Pradesh,Kurnool,15.43759715142429,77.90086836581717,552,4053463,3328380,670737,33165,737,255,2235,434,1090835,306982,783853,737945,82831,10081,816721,56478,1012.0,52.0
Andhra Pradesh,Mahbubnagar,16.639546224256293,77.98933089244859,538,4053028,3673456,334172,21345,658,290,388,267,1010015,161052,848963,708954,364269,6153,757821,60812,1024.0,48.0
Andhra Pradesh,Medak,17.889304978038055,78.13778901903379,535,3033288,2637313,342449,34301,1309,554,457,217,789132,195479,593653,537947,168985,8635,604719,47170,1008.0,54.0
Andhra Pradesh,Nalgonda,17.113250515463907,79.16984453608244,539,3488809,3249231,188646,35025,937,241,250,132,1030937,197433,833504,637385,394279,7715,789225,53777,1018.0,57.0
Andhra Pradesh,Nizamabad,18.429485849056604,78.07523490566035,533,2551335,2123426,391596,19653,2357,1847,542,146,720298,155133,565165,371074,192941,5261,545913,35036,962.0,54.0
Andhra Pradesh,Prakasam,15.489039001601704,80.11665790176184,549,3397448,3150195,220654,18775,266,97,204,206,1087575,214089,873486,787861,151145,6151,763746,43611,1019.0,56.0
Andhra Pradesh,Srikakulam,18.570900998697432,84.25874814010675,542,2703114,2666950,9025,18879,193,77,160,106,902436,149684,752752,255664,166118,3988,615432,32280,986.0,55.0
Andhra Pradesh,Vizianagaram,18.28329696032972,83.45982854198873,543,2344474,2299129,16423,17853,380,114,815,183,749514,157056,592458,247728,235556,4453,527736,24128,982.0,53.0
Andhra Pradesh,Warangal,18.01752608695651,79.87422028985509,540,3512576,3273755,197333,31377,1453,253,569,126,1046987,288249,758738,616102,530656,12952,828077,59006,1003.0,59.0
Andhra Pradesh,West Godavari,16.63297943925236,81.45912990654196,546,3936966,3733191,86142,109120,288,209,1578,211,1255628,248373,1007255,811698,109072,12050,1017568,55613,996.0,67.0
Arunachal Pradesh,Changlang,27.36048479338845,96.37552644628106,253,148226,47683,2134,35969,94,50381,95,11738,39920,6498,33422,0,53878,170,14593,1486,1080.0,49.0
Arunachal Pradesh,East Kameng,27.371194055944056,93.04741486013997,247,78690,12333,652,37136,36,452,23,27868,19718,5215,14503,0,72400,57,5318,885,971.0,49.0
Arunachal Pradesh,East Siang,28.15382352941176,95.06499226006191,251,99214,27854,2289,18254,69,776,30,49393,29021,9524,19497,0,69979,450,14231,1582,1021.0,63.0
Arunachal Pradesh,Kurung Kumey,28.04853351800553,93.24531994459834,256,92076,4859,471,51189,43,121,81,34158,19695,1092,18603,0,90764,95,3911,969,969.0,40.0
Arunachal Pradesh,Lohit,27.946785273972623,96.59670770547945,259,145726,99020,3846,10684,210,24452,104,7277,44971,11372,33599,0,47410,312,17157,1471,1097.0,57.0
Arunachal Pradesh,Lower Dibang Valley,28.32651730103806,95.76567335640142,258,54080,28915,2247,9213,33,2932,19,10393,15950,3950,12000,0,25974,207,5932,742,1078.0,59.0
Arunachal Pradesh,Lower Subansiri,27.70849297297297,93.96226108108112,255,83030,9551,1482,34402,27,193,13,37085,23477,5365,18112,0,72911,381,12493,1598,1016.0,65.0
Arunachal Pradesh,Papum Pare,27.273529716981127,93.54468183962264,248,176573,57027,6148,84397,310,4768,139,22586,50488,30180,20308,0,117216,2477,30539,7418,1020.0,69.0
Arunachal Pradesh,Tawang,27.680683962264148,91.82504245283016,245,49977,11842,787,776,1164,34920,72,349,13182,2452,10730,0,34811,96,8635,494,1400.0,52.0
Arunachal Pradesh,Tirap,26.94406229508198,95.41470327868862,254,111975,20682,1103,83361,61,778,43,5325,24920,6500,18420,0,98372,98,16026,888,1059.0,43.0
Arunachal Pradesh,Upper Siang,28.8309244897959,95.00155765306124,252,35320,5261,411,5643,27,2577,7,20967,10751,2182,8569,0,28468,97,6198,392,1125.0,52.0
Arunachal Pradesh,Upper Subansiri,28.277196566523585,93.8991435622318,249,83448,13474,521,8779,28,297,11,59449,19214,4672,14542,0,78323,139,5373,750,1002.0,54.0
Arunachal Pradesh,West Kameng,27.46486582278483,92.65015750452083,246,83947,31265,1970,8466,328,36087,71,5556,24195,6306,17889,0,46380,202,14188,887,1221.0,58.0
Arunachal Pradesh,West Siang,28.106296920289843,94.53510344202908,250,112274,15881,2218,29969,577,3311,49,60005,30775,8503,22272,0,92783,303,14204,1300,1075.0,58.0
Assam,Barpeta,26.427872264631056,90.97912010178116,303,1693622,492966,1198036,1020,112,49,399,14,499381,52192,447189,95320,27344,2078,84804,25286,1049.0,53.0
Assam,Bongaigaon,26.45012521994133,90.6734296187684,319,738804,359145,371033,5924,384,236,871,9,220393,38470,181923,82784,18835,2523,49866,12959,1035.0,59.0
Assam,Cachar,24.815570668693017,92.86849650455927,316,1736617,1038985,654816,37635,280,341,1673,98,435160,88933,346227,264897,17569,5316,140205,37541,1042.0,68.0
Assam,Darrang,26.58463215962442,92.04141338028155,325,928500,327322,597392,1688,431,57,724,19,288706,20189,268517,40260,8419,1166,45444,12084,1049.0,52.0
Assam,Dhemaji,27.586533438485816,94.71336908517353,308,686133,655052,13475,8711,297,911,167,6315,228262,16504,211758,44225,325560,1192,28195,10410,1049.0,62.0
Assam,Dibrugarh,27.30612284482757,95.0998282327587,310,1326335,1198401,64526,52968,2261,4673,1055,46,377015,77163,299852,58876,102871,8817,136685,34479,1041.0,67.0
Assam,Goalpara,26.017277777777807,90.59869891598912,302,1008183,347878,579929,77862,771,194,477,103,268114,39504,228610,45094,231570,1364,78641,13524,1037.0,56.0
Assam,Golaghat,26.377219709794485,93.82583397823468,313,1066888,917426,90312,50582,1131,3863,530,1347,327083,34190,292893,62298,111765,3073,82345,17636,1037.0,68.0
Assam,Hailakandi,24.457496089385486,92.59154664804475,318,659296,251194,397653,8480,84,490,247,636,175417,16202,159215,70659,691,1211,44143,10615,1051.0,62.0
Assam,Jorhat,26.76244824016563,94.30197722567289,312,1092256,1008219,54684,21051,1540,2378,719,578,367154,80824,286330,88665,139971,5651,122063,26357,1040.0,73.0
Assam,Kamrup,26.170939452054807,91.58863273972592,321,1517542,877495,601784,33297,319,185,1330,55,434445,43849,390596,107827,182038,3109,122191,23468,1053.0,66.0
Assam,Karbi Anglong,26.08966454598031,93.11536570271832,314,956313,766000,20290,157789,370,6260,397,3568,252876,37185,215691,44961,538738,1923,53918,11340,1052.0,58.0
Assam,Karimganj,24.69660712250711,92.3679498575498,317,1228686,521962,692489,11990,114,446,524,110,294640,32695,261945,157890,1940,1933,70951,24699,1038.0,65.0
Assam,Kokrajhar,26.497246635730868,90.13997470997688,300,887142,529068,252271,101091,93,1718,396,123,222011,17115,204896,29570,278665,1218,41373,14063,1043.0,55.0
Assam,Lakhimpur,27.14128805970149,94.0775949253732,307,1042137,797130,193476,46217,412,1074,250,2410,327933,34694,293239,81840,249426,1948,60296,15011,1034.0,66.0
Assam,Nagaon,26.26462170626351,92.9306191144708,305,2823768,1225246,1563203,26844,3036,1073,1162,61,799185,124186,674999,266350,115153,5121,195631,45956,1039.0,61.0
Assam,Nalbari,26.46323767605632,91.40598521126763,323,771639,491582,277488,429,62,27,1004,9,238944,28238,210706,60216,23364,1631,68313,12360,1054.0,69.0
Assam,Sonitpur,26.73514926829268,92.85197804878044,306,1924110,1422824,350536,138166,1363,5088,1003,221,547853,64528,483325,109130,232207,4358,133368,31254,1046.0,58.0
Assam,Tinsukia,27.53549291139241,95.69055949367085,309,1327929,1181347,48373,76877,1999,16228,837,395,381614,90910,290704,37688,82066,5135,161718,27948,1050.0,60.0
Bihar,Araria,26.211528119180603,87.30766554934816,209,2811569,1593525,1207442,4116,371,187,1910,63,703274,44213,659061,382654,38848,2561,43290,29796,1085.0,43.0
Bihar,Aurangabad,24.774291867469877,84.45986024096379,235,2540073,2291133,237353,2218,295,334,775,19,477297,49006,428291,612064,1033,2362,44456,31168,1080.0,58.0
Bihar,Aurangabad,24.774291867469877,84.45986024096379,515,3701282,2545438,786677,15991,5142,309093,30981,1005,979132,427343,551789,539368,143366,23258,589477,69937,1083.0,68.0
Bihar,Banka,24.832355642023337,86.8664916342413,225,2034763,1772655,250925,6138,139,113,94,1035,444096,18492,425604,247858,90432,1704,62359,22300,1103.0,47.0
Bihar,Begusarai,25.54302613168723,86.12560144032932,222,2970541,2554330,407348,2209,402,229,276,57,733625,139248,594377,432270,1597,4644,120373,43127,1117.0,52.0
Bihar,Bhagalpur,25.277192885375477,87.04213814229242,224,3037766,2487866,537098,3556,415,180,1050,32,653161,130634,522527,318569,67180,6764,174534,46929,1136.0,52.0
Bihar,Bhojpur,25.50666439393939,84.49407803030304,231,2728407,2518216,197819,2165,544,647,1472,48,511927,77368,434559,425402,13977,3661,62153,34658,1102.0,59.0
Bihar,Buxar,25.48593018867924,84.08808081760995,232,1706352,1591454,105423,2125,248,5090,97,57,334657,35405,299252,251737,26824,1784,46760,19324,1085.0,58.0
Bihar,Darbhanga,26.146187719298258,85.97387352472099,215,3937385,3042729,881476,3534,832,245,236,101,1002713,95539,907174,615688,2772,6280,127442,53205,1097.0,46.0
Bihar,Gaya,24.7266541547278,84.94291217765044,236,4391418,3876395,488121,3943,913,870,1723,108,807571,111282,696289,1334351,3098,6856,112617,57011,1067.0,52.0
Bihar,Gopalganj,26.44874364161851,84.34636127167629,217,2562012,2119262,436057,2463,271,167,133,28,554058,38133,515925,320064,60807,3707,69375,33596,979.0,54.0
Bihar,Jamui,24.78418380462726,86.26316298200514,238,1760405,1525746,217621,8443,162,159,87,3438,356760,30851,325909,302649,78793,1839,32633,22414,1085.0,49.0
Bihar,Jehanabad,25.155679045643165,84.9208124481328,239,1125313,1045117,75742,691,148,248,60,58,214792,28132,186660,222974,1285,1106,27641,11302,1085.0,55.0
Bihar,Katihar,25.56565356037151,87.70466083591326,212,3071029,1684589,1365645,8659,2754,212,507,2141,738070,69838,668232,263100,179971,2941,60900,27263,1088.0,42.0
Bihar,Khagaria,25.53558891454964,86.56593256351037,223,1666886,1486989,175588,1253,143,79,86,115,394703,21007,373696,247161,675,1580,40641,21654,1129.0,46.0
Bihar,Kishanganj,26.324336758321294,87.95045007235886,210,1690400,531236,1149095,5783,398,183,1476,28,445150,43357,401793,113118,64224,1093,58718,14073,1053.0,44.0
Bihar,Lakhisarai,25.183449321266963,86.12825701357468,227,1000912,956396,40886,487,140,52,78,52,207645,31763,175882,153209,8333,1186,44491,8862,1109.0,51.0
Bihar,Madhepura,25.77341929460581,86.8978443983403,213,2001762,1753829,241760,1342,170,60,133,81,510278,24000,486278,346275,12532,1397,23236,23309,1098.0,42.0
Bihar,Madhubani,26.41380538172716,86.16328360450552,207,4487379,3652168,818912,3262,564,328,442,169,1088786,41234,1047552,587158,3990,5319,113281,65548,1079.0,48.0
Bihar,Munger,25.198537962962963,86.54173672839504,226,1367765,1252319,110416,1815,338,95,145,61,308063,85782,222281,183846,21404,2653,90461,17946,1141.0,59.0
Bihar,Muzaffarpur,26.18664417177915,85.32745092024543,216,4801062,4032773,745546,5149,933,288,382,98,1119394,120700,998694,751975,5979,10290,180651,73012,1112.0,52.0
Bihar,Nalanda,25.229345508982053,85.48053113772461,229,2877653,2669775,198033,1978,393,414,561,64,616663,102522,514141,607672,1442,4156,101378,43848,1084.0,53.0
Bihar,Nawada,24.825708836206903,85.61594568965519,237,2219146,1964620,244394,1299,250,176,279,80,424874,45323,379551,565112,2045,1841,31162,28411,1065.0,49.0
Bihar,Pashchim Champaran,27.16064352201258,84.30265911949685,203,3935042,3047427,865090,8469,926,1337,296,1895,936134,96620,839514,553944,250046,3495,57546,41143,1100.0,45.0
Bihar,Patna,25.40297114503818,85.3198433587787,230,5838465,5356075,439952,12551,4803,1062,2151,203,1210094,552103,657991,920918,9069,40692,546859,132582,1115.0,59.0
Bihar,Purba Champaran,26.68129336734693,85.00382155612242,204,5099371,4086453,990349,4865,668,878,464,104,1243825,101565,1142260,649726,12461,7719,74979,70258,1109.0,45.0
Bihar,Purnia,25.81714801901739,87.40447606973065,211,3264619,1989420,1255641,7989,614,353,1450,650,798596,85749,712847,390991,139490,4170,86058,33664,1086.0,41.0
Bihar,Rohtas,24.99170460829495,83.9350762672811,234,2959918,2645415,300487,2889,2569,1584,252,537,608061,95678,512383,549546,31650,4594,114893,36279,1090.0,61.0
Bihar,Saharsa,25.821270696721303,86.54670819672135,214,1900661,1629254,266620,1292,197,60,109,8,470697,38046,432651,317249,6009,1668,41342,19415,1104.0,42.0
Bihar,Samastipur,25.793205563909765,85.94833323308269,221,4261566,3800598,452370,2126,554,292,231,112,1056465,43486,1012979,803128,1884,5379,88021,50918,1098.0,50.0
Bihar,Saran,25.89656077844312,84.82266287425155,219,3951862,3534772,406449,2330,371,229,322,107,777622,76299,701323,474066,36786,4509,94787,37442,1049.0,55.0
Bihar,Sheikhpura,25.12472436548223,85.77839390862943,228,636342,596102,37653,313,75,41,43,31,132638,24345,108293,131115,617,631,20065,8873,1075.0,52.0
Bihar,Sheohar,26.458380748663107,85.29539411764709,205,656246,552492,99342,522,216,73,52,44,166000,7516,158484,96655,318,478,10004,6698,1120.0,43.0
Bihar,Sitamarhi,26.56570069686413,85.61172491289203,206,3423574,2672311,740101,2897,261,253,188,20,856964,49670,807294,405714,2989,3460,66263,42461,1113.0,42.0
Bihar,Siwan,26.1736372013652,84.33766552901022,218,3330464,2712635,608282,2618,369,407,359,86,674372,41858,632514,386685,87000,3834,52935,37833,1012.0,58.0
Bihar,Supaul,26.28157893772896,86.78496465201461,208,2229076,1809936,409251,3758,271,136,546,42,600102,27815,572287,354249,10168,1845,51028,25078,1076.0,46.0
Bihar,Vaishali,25.8134703180212,85.39247597173153,220,3495021,3152346,333980,2203,707,362,246,71,750811,51494,699317,738031,2274,4810,70001,39564,1118.0,55.0
Chandigarh,Chandigarh,30.7426,76.75872465753424,55,1055450,852574,51447,8720,138329,1160,1960,246,298367,289456,8911,199086,0,44283,231204,78113,1223.0,76.0
Chhattisgarh,Bastar,19.393866751269048,81.52895126903546,414,1413199,1277975,12413,27951,2099,985,3466,86925,371319,54894,316425,37963,931780,1782,157646,9042,977.0,46.0
Chhattisgarh,Bilaspur,22.356942982456143,81.99770350877188,30,381956,371973,6984,236,2387,113,10,7,164445,11987,152458,98989,10693,1574,79146,6281,1019.0,75.0
Chhattisgarh,Bilaspur,22.356942982456143,81.99770350877188,406,2663629,2540763,57973,20745,6373,2979,2357,29122,737806,188174,549632,552992,498469,8566,519704,30892,1030.0,60.0
Chhattisgarh,Dhamtari,20.554912627291245,81.7569195519348,412,799781,777188,10425,2644,1196,667,3612,3685,210481,41792,168689,58581,207633,1016,148926,4804,990.0,68.0
Chhattisgarh,Durg,21.194463849287164,81.33181639511197,409,3343872,3129745,83499,24304,24276,19587,17209,42569,883189,349741,533448,458040,397416,16141,614109,51289,1012.0,69.0
Chhattisgarh,Jashpur,22.77286167664669,83.8703962075848,402,851669,629509,15336,189588,474,467,694,14835,226392,20722,205670,48844,530378,567,76783,5755,995.0,58.0
Chhattisgarh,Korba,22.491712499999995,82.57604326923074,404,1206640,1133176,30195,21059,3666,897,753,15649,332653,126055,206598,124679,493559,4544,202380,18004,1032.0,62.0
Chhattisgarh,Koriya,23.50412776859501,82.12515636363635,400,658917,604259,25878,9398,1391,84,1155,15474,181615,59763,121852,54776,304280,1667,80023,7609,1033.0,60.0
Chhattisgarh,Mahasamund,21.223727037773354,82.65925427435384,411,1032754,1008061,12570,5284,2941,521,1495,1417,310567,35774,274793,139581,279896,961,212487,5614,983.0,62.0
Chhattisgarh,Raigarh,22.008265068493166,83.27797698630134,403,1493984,1422986,17332,47653,2117,781,409,1782,420916,66638,354278,224942,505609,3342,297308,13857,1009.0,64.0
Chhattisgarh,Raigarh,22.008265068493166,83.27797698630134,520,2634200,2239370,227465,17452,7477,121791,12260,1159,959028,377160,581868,134952,305125,38570,547206,96301,1042.0,74.0
Chhattisgarh,Raipur,20.88603153846152,82.20032759615388,410,4063872,3881485,103038,23181,16707,8397,17137,10680,1068500,395001,673499,724250,476446,20261,728556,59523,1016.0,65.0
Chhattisgarh,Surguja,23.32719278728607,83.23582493887531,401,2359886,2126195,81442,97432,2303,1287,623,48295,590763,65167,525596,115652,1300628,2737,253131,18983,1023.0,50.0
Daman and Diu,Daman,20.431616666666677,72.8392366071429,495,191173,171537,16087,2618,169,216,244,79,71079,61073,10006,4262,15240,1316,49249,4543,1874.0,79.0
Daman and Diu,Junagadh,20.72568199498111,70.83985639899612,479,2743082,2397056,334858,2586,1110,1291,3841,77,776743,287506,489237,265793,55571,6628,498326,26991,1049.0,67.0
Goa,North Goa,15.548723418714054,73.80667997909038,585,818008,622213,57941,134169,618,553,546,166,325089,209230,115859,17606,56606,23440,173951,56266,1038.0,81.0
Goa,South Goa,15.195278658183785,73.941792596877,586,640537,341664,63623,231961,855,542,563,92,251493,162873,88620,7843,92669,17624,138810,44299,1014.0,78.0
Gujarat,Ahmadabad,22.605425564971743,72.23898135593227,474,7214225,6042416,883238,50754,14542,4518,209287,2055,2198552,1845383,353169,759483,89138,126341,1456046,273651,1106.0,75.0
Gujarat,Amreli,21.04832649310872,71.43457637825426,480,1514190,1410463,99105,919,415,243,2053,40,430613,116899,313714,132915,7322,2538,273331,12765,1038.0,66.0
Gujarat,Anand,22.282718206229863,72.57782051557454,482,2092745,1798794,250919,29789,1524,267,8591,142,621987,208909,413078,104465,24824,9902,378310,32523,1081.0,74.0
Gujarat,Banas Kantha,24.258538965517253,71.93205252873561,469,3120506,2890305,213505,1686,486,281,12659,83,804197,137424,666773,327460,284155,3424,396873,23149,1066.0,55.0
Gujarat,Bharuch,21.75787276237761,72.67326346710801,488,1551019,1188204,343511,9494,1733,442,4813,342,481996,181319,300677,62235,488194,10257,309091,29531,1081.0,72.0
Gujarat,Bhavnagar,21.70219390341736,72.16272632761141,481,2880365,2632574,212863,3457,1410,445,26974,127,744077,356826,387251,157034,9110,7297,500757,28925,1072.0,66.0
Gujarat,Gandhinagar,23.193679790026252,72.67221679790026,473,1391753,1319586,57273,3237,1985,497,6405,82,433258,195634,237624,108608,18204,12107,262539,33662,1084.0,74.0
Gujarat,Jamnagar,22.410600414263328,69.62062005768233,477,2160119,1810443,320805,4392,1873,1086,18856,136,646325,299167,347158,173895,24187,11573,386538,30384,1065.0,65.0
Gujarat,Junagadh,20.929523011609785,70.54733890140345,479,2743082,2397056,334858,2586,1110,1291,3841,77,776743,287506,489237,265793,55571,6628,498326,26991,1049.0,67.0
Gujarat,Kachchh,23.48057203301311,68.82192301497916,468,2092371,1608921,442355,6192,6353,490,25312,98,739275,250982,488293,258859,24228,9631,403294,31961,1102.0,60.0
Gujarat,Kheda,22.88765312500002,73.018803515625,483,2299885,2000884,264482,26629,1403,300,3479,82,622026,160547,461479,115631,40336,5710,372226,24502,1064.0,72.0
Gujarat,Mahesana,23.529355452865065,72.45545194085031,471,2035064,1885732,136431,1954,1082,146,7087,88,659743,183738,476005,162288,9392,7759,385609,33731,1080.0,74.0
Gujarat,Narmada,21.70666386292833,73.68403208722742,487,590297,559848,22600,4413,147,80,373,2078,160369,22248,138121,8733,481392,576,101940,4081,1041.0,63.0
Gujarat,Navsari,20.866973318871995,72.86184869848157,490,1329672,1225087,78669,5733,2459,601,13386,2823,409156,141417,267739,35464,639659,6726,267679,24397,1041.0,75.0
Gujarat,Panch Mahals,22.80435606837605,73.61984598290586,484,2390776,2220974,158513,2863,662,337,5236,131,567601,104238,463363,100446,721604,3456,398937,19753,1054.0,60.0
Gujarat,Patan,23.80634198473284,71.75162977099237,470,1343734,1194745,142797,916,337,66,3602,66,404138,102655,301483,123408,13303,2231,223424,12870,1069.0,62.0
Gujarat,Porbandar,21.55092351651571,69.71896987722886,478,585449,549749,33565,500,248,91,515,38,183572,87557,96015,51830,13039,1653,117040,5639,1052.0,67.0
Gujarat,Rajkot,22.40603377715488,70.83679439383323,476,3804558,3397406,361388,5478,1918,1170,33591,269,1181006,721532,459474,290169,24017,21785,747352,67370,1079.0,72.0
Gujarat,Sabar Kantha,23.71803594548552,73.13638790459964,472,2428589,2260560,148563,6375,614,168,11110,52,665533,121509,544024,187685,542156,5262,438606,25425,1051.0,65.0
Gujarat,Surat,21.25761372772093,72.93488716344339,492,6081322,5260193,660772,21052,5703,12902,112835,3920,1899838,1529998,369840,158115,856952,55694,1252452,149331,1270.0,75.0
Gujarat,Surendranagar,22.82672007299272,71.48358740875906,475,1756268,1620282,109681,1419,512,312,22992,128,500598,159810,340788,179461,21453,2975,302068,15309,1075.0,62.0
Gujarat,The Dangs,20.801633877551023,73.6883518367347,489,228291,203545,3593,20029,69,32,39,560,59618,7516,52102,992,216073,137,29794,1393,994.0,62.0
Gujarat,Vadodara,22.26133739279589,73.49433010291594,486,4165626,3713941,384579,23813,9340,2069,27650,1124,1240425,692971,547454,221629,1149901,53606,798277,117818,1071.0,69.0
Gujarat,Valsad,20.44238231644259,72.9148584798345,491,1705678,1571147,94034,19661,1589,913,13809,1417,498391,235981,262410,38237,902794,11020,329218,31285,1084.0,69.0
Haryana,Ambala,30.3503672316384,76.94970310734456,70,1128350,955096,22143,3705,138202,381,4845,110,315256,139891,175365,296246,0,12899,199681,32767,1130.0,72.0
Haryana,Bhiwani,28.728868064516128,76.02110225806452,81,1634445,1611031,15515,873,2401,254,1016,26,456282,99235,357047,341162,0,5292,266244,25236,1129.0,65.0
Haryana,Faridabad,28.14873109756098,77.32718536585368,88,1809733,1588407,161680,9743,34572,640,4883,249,470681,382981,87700,223799,0,43437,333171,82673,1145.0,70.0
Haryana,Fatehabad,29.57298318584072,75.54608716814157,78,942011,779243,8360,996,150969,171,1172,530,258380,55360,203020,284357,0,3210,153301,13142,1109.0,59.0
Haryana,Gurgaon,28.043894789579163,77.01935130260523,86,1514432,1408801,70842,9725,15097,944,7451,254,523691,381988,141703,197937,0,67087,305751,102343,1170.0,73.0
Haryana,Hisar,29.23628731117825,75.84324682779452,80,1743931,1701061,21650,1945,12270,334,3620,33,456126,154113,302013,408785,0,10132,285004,33400,1147.0,64.0
Haryana,Jhajjar,28.59651868131869,76.61137142857145,83,958405,945693,8247,734,1042,105,645,22,290144,78328,211816,170448,0,5034,168558,19241,1160.0,71.0
Haryana,Jind,29.45149821958457,76.29598575667653,77,1334152,1276669,23016,889,29103,172,2594,56,368000,89665,278335,282351,0,5263,222462,23750,1148.0,62.0
Haryana,Kaithal,29.96068539094649,76.37698930041155,73,1074304,974520,8232,1769,87558,265,351,70,306787,75696,231091,247513,0,3724,187349,15301,1135.0,60.0
Haryana,Karnal,29.703200647249204,76.87488025889972,74,1505324,1341002,31650,2049,126207,532,1516,49,428602,135920,292682,339604,0,11163,267223,29253,1127.0,65.0
Haryana,Kurukshetra,30.05652659846548,76.78774680306903,72,964655,805175,15970,1943,140395,214,375,106,291821,88268,203553,215128,0,7356,171908,21951,1126.0,67.0
Haryana,Mahendragarh,28.1352161458333,76.14018072916659,84,922088,913251,5660,301,1737,75,644,15,267942,44216,223726,156314,0,2624,135455,13908,1118.0,68.0
Haryana,Panchkula,30.700897142857134,76.97173238095236,69,561293,490702,23451,2583,40951,1008,1626,90,164551,93656,70895,101830,0,18615,103455,32174,1146.0,72.0
Haryana,Panipat,29.34352134146342,76.92895914634147,75,1205437,1083936,86622,2261,25064,289,4647,99,327306,153804,173502,206213,0,10024,209965,26719,1158.0,65.0
Haryana,Rewari,28.19164714828897,76.55956007604564,85,900332,889133,5713,701,1804,202,1525,12,268754,69305,199449,182606,0,5121,152651,18092,1113.0,71.0
Haryana,Rohtak,28.892517647058817,76.53123235294117,82,1061204,1043887,8185,732,3916,200,3491,24,306942,131739,175203,216889,0,8482,193120,27225,1154.0,70.0
Haryana,Sirsa,29.63583446327684,74.90970480225988,79,1295189,940255,9524,2186,338962,370,2256,624,338792,93316,245476,387381,0,6287,215527,22706,1114.0,60.0
Himachal Pradesh,Bilaspur,31.3780422907489,76.65316079295157,30,381956,371973,6984,236,2387,113,10,7,164445,11987,152458,98989,10693,1574,79146,6281,1019.0,75.0
Himachal Pradesh,Bilaspur,31.3780422907489,76.65316079295157,406,2663629,2540763,57973,20745,6373,2979,2357,29122,737806,188174,549632,552992,498469,8566,519704,30892,1030.0,60.0
Himachal Pradesh,Chamba,32.66741814595661,76.39354063116366,23,519080,479782,32455,1559,2745,1740,57,14,200231,13836,186395,111690,135500,1615,96082,5117,1014.0,62.0
Himachal Pradesh,Hamirpur,31.67668481012659,76.49767088607594,28,454768,449412,3711,243,591,95,293,9,211348,15232,196116,109256,3044,2521,104120,7525,913.0,79.0
Himachal Pradesh,Hamirpur,31.67668481012659,76.49767088607594,168,1104285,1010014,91269,814,196,74,41,273,311381,55300,256081,241198,474,1196,55929,11037,1162.0,59.0
Himachal Pradesh,Kangra,32.14093603238864,76.41205910931173,24,1510075,1461140,19797,3023,8929,14511,194,208,627328,39007,588321,319385,84564,8053,330081,22753,988.0,76.0
Himachal Pradesh,Kinnaur,31.60667184065933,78.51613736263741,34,84121,64732,448,485,249,18086,29,45,44514,0,44514,14750,48746,354,17865,2563,1221.0,72.0
Himachal Pradesh,Kullu,31.90911922077925,77.40922649350647,26,437903,415669,2974,1568,1396,15377,94,83,188704,20709,167995,122659,16822,2623,91322,7010,1061.0,70.0
Himachal Pradesh,Mandi,31.635805940594054,76.96556930693067,27,999777,981412,9460,876,4081,2628,43,86,462825,31696,431129,293739,12787,5333,214491,16401,993.0,72.0
Himachal Pradesh,Shimla,31.155725451807253,77.62573042168668,33,814010,791449,11810,2025,4047,3262,185,197,375165,95896,279269,215777,8755,9177,172754,24127,1093.0,75.0
Himachal Pradesh,Sirmaur,30.682764453961443,77.43184689507493,32,529855,476830,33215,577,15501,2645,236,86,192156,21054,171102,160745,11262,2220,91509,8593,1090.0,68.0
Himachal Pradesh,Solan,31.03864311926604,76.94442140672783,31,580320,548579,14678,1452,13926,574,591,110,244296,51509,192787,164536,25645,5250,119866,14478,1137.0,74.0
Himachal Pradesh,Una,31.58330388349513,76.18353932038836,29,521173,480138,14275,390,26009,56,70,10,205217,20126,185091,115491,8601,2412,105929,8238,1024.0,77.0
Jammu and Kashmir,Doda,33.359614675767915,76.07163720136518,16,409936,187621,220614,472,422,21,22,42,133617,11350,122267,53408,39216,596,61831,3077,1088.0,53.0
Jammu and Kashmir,Jammu,32.713199095022645,74.8477520361991,21,1529958,1289240,107489,12104,114272,470,1987,321,502609,248043,254566,377991,69193,19905,294739,46657,1136.0,74.0
Jammu and Kashmir,Kargil,33.565994894894914,76.63675315315312,4,140802,10341,108239,604,1171,20126,28,4,48144,7774,40370,18,122336,235,15824,1005,1234.0,61.0
Jammu and Kashmir,Kathua,32.51781678321678,75.58901398601404,7,616435,540063,64234,1828,9551,24,16,2,214847,33473,181374,141224,53307,1443,109422,6112,1123.0,63.0
Jammu and Kashmir,Pulwama,33.88414418604652,75.00921860465118,12,560440,13840,535159,1109,9440,35,6,18,169223,21703,147520,402,22607,1537,73629,5293,1096.0,52.0
Jammu and Kashmir,Punch,33.791241290322574,74.29593161290322,5,476835,32604,431279,958,11188,83,10,2,147408,15269,132139,556,176101,346,62900,3342,1120.0,55.0
Jammu and Kashmir,Srinagar,34.27312898550724,75.11021159420288,10,1236829,42540,1177342,2746,12187,285,74,2,262239,257721,4518,1068,8935,16413,165403,33831,1112.0,61.0
Jammu and Kashmir,Udhampur,33.04770670731707,75.15286951219511,19,554985,489044,59771,1962,3418,106,57,235,183360,34696,148664,138569,56309,1214,73999,5744,1149.0,58.0
Jharkhand,Bokaro,23.6814965034965,85.98398374125864,355,2062330,1636460,241451,13730,4174,1890,2045,160524,508764,258452,250312,299227,255626,9754,274726,37997,1084.0,62.0
Jharkhand,Chatra,24.11619945750453,84.93295804701627,347,1042886,903179,116710,6565,888,35,129,12936,215502,14528,200974,340553,45563,590,27037,9115,1049.0,49.0
Jharkhand,Deoghar,24.33070100755672,86.75697632241814,350,1492073,1165140,302626,6027,143,188,282,16067,321710,64337,257373,190036,180962,1944,130193,13550,1081.0,53.0
Jharkhand,Dhanbad,23.854509090909097,86.40372924901185,354,2684487,2149480,431762,11243,9727,331,1268,77182,664219,405455,258764,437309,233119,11568,427173,46646,1100.0,64.0
Jharkhand,Dumka,24.275006125574265,87.27662450229711,362,1321442,1044726,106865,86404,234,267,162,78622,326978,23281,303697,79614,571077,1193,62110,10396,1024.0,51.0
Jharkhand,Garhwa,24.082114689265527,83.68664265536722,346,1322784,1104475,194680,17168,123,371,20,4591,292052,19180,272872,319946,205874,565,29373,8881,1069.0,49.0
Jharkhand,Giridih,24.30578509874329,86.08710915619386,349,2445474,1856202,508586,14645,937,650,1503,59218,499450,46886,452564,325493,238188,1944,125431,19976,1060.0,51.0
Jharkhand,Godda,24.8189,87.2941735483871,351,1313551,937126,289182,37795,97,128,115,47067,292030,15576,276454,115567,279208,874,43230,11925,1067.0,46.0
Jharkhand,Gumla,23.078532948929148,84.55056787479396,366,1025213,309563,51429,202449,221,531,23,457468,233074,16445,216629,32459,706754,831,31687,7807,1007.0,55.0
Jharkhand,Jamtara,23.97873318077801,86.95325080091534,363,791042,550560,164406,4419,520,118,783,68564,185668,20113,165555,72885,240489,808,49419,4959,1048.0,54.0
Jharkhand,Latehar,23.72511185840708,84.48298743362837,359,726978,473049,69808,47653,120,128,16,133525,160514,14137,146377,154910,331096,340,38194,6240,1035.0,48.0
Jharkhand,Lohardaga,23.488796043165483,84.6605169064748,356,461790,112378,95012,16770,51,33,15,235987,111484,14725,96759,15330,262734,351,28769,2954,1015.0,56.0
Jharkhand,Pakur,24.57260428082189,87.69691969178076,353,900422,410127,322963,75865,356,283,222,88760,217175,16587,200588,28469,379054,328,31414,4535,1011.0,39.0
Jharkhand,Palamu,24.196925968109337,84.20310842824594,358,1939869,1683169,238295,6164,734,188,284,5681,407904,52375,355529,536382,181208,2155,68238,19981,1078.0,53.0
Jharkhand,Ranchi,23.184235061391547,85.31781937244203,364,2914253,1612239,410759,193974,4826,932,2733,677445,730982,310242,420740,152943,1042016,22538,350908,76565,1053.0,66.0
Jharkhand,Sahibganj,24.93667989690721,87.68264097938142,352,1150567,628044,398243,83208,198,245,125,38426,260993,37543,223450,72341,308343,591,34879,9563,1050.0,42.0
Jharkhand,Simdega,22.608760391198054,84.59193691931536,367,599578,201524,15103,306601,51,753,114,73930,155283,11114,144169,44674,424407,423,16865,4649,1003.0,57.0
Karnataka,Bagalkot,16.15860676328503,75.64526070853468,556,1889752,1634229,219991,3433,443,412,25198,166,490657,165858,324799,319149,97203,3745,301389,26297,1011.0,59.0
Karnataka,Bangalore Rural,12.936827087794448,77.47369314775169,583,990923,890429,92252,5368,389,272,1045,85,326462,95410,231052,213700,52903,3729,214253,17066,1057.0,70.0
Karnataka,Belgaum,16.16107219152853,74.72329042357275,555,4779661,4038331,528412,18418,2037,1086,178310,149,1318975,356198,962777,577418,297198,17560,808827,73497,1028.0,64.0
Karnataka,Bellary,15.074377548209377,76.47228471074374,565,2452595,2103633,320834,14014,1029,284,8044,54,623480,251876,371604,517409,451406,9626,440374,40190,1018.0,58.0
Karnataka,Bidar,17.950361730769224,77.19459961538459,558,1703300,1289709,335184,35438,1145,30453,680,521,389403,102269,287134,399785,235822,3971,271439,36072,1046.0,61.0
Karnataka,Bijapur,16.84015316666667,75.95909166666665,417,255230,245151,1617,2709,68,1649,15,3793,58391,7942,50449,10122,204189,117,12516,1462,1017.0,34.0
Karnataka,Bijapur,16.84015316666667,75.95909166666665,557,2177331,1786830,369588,2433,558,374,8665,499,527490,131041,396449,442773,39314,4987,326594,36571,1042.0,57.0
Karnataka,Chikmagalur,13.425288289676422,75.67626502311249,570,1137961,1004553,101235,26000,182,109,4710,4,392426,80766,311660,253651,44970,4510,238505,18727,992.0,72.0
Karnataka,Chitradurga,14.29102220394736,76.57821957236843,566,1659456,1520553,128751,3175,322,84,3778,128,447348,97644,349704,389117,302554,5711,307257,28897,1027.0,66.0
Karnataka,Davanagere,14.330414586709884,75.91723841166937,567,1945497,1658465,265805,5420,307,164,6417,1743,530691,176011,354680,392595,233112,7320,372671,39416,1028.0,67.0
Karnataka,Dharwad,15.343831376975173,75.13831264108359,562,1847023,1390020,386834,28747,1486,715,29037,2748,483104,283397,199707,177855,87548,15013,347962,49585,1030.0,70.0
Karnataka,Gadag,15.507128256880746,75.64861302752298,561,1064570,907750,143665,3432,231,79,5993,74,291972,111906,180066,174196,61654,3373,198064,15625,1018.0,66.0
Karnataka,Gulbarga,17.070459515951594,76.87503850385033,579,2566326,2011014,513125,8344,826,9589,4865,330,600007,199303,400704,648782,65259,9752,404767,52483,1029.0,56.0
Karnataka,Hassan,12.945098749999998,76.11049549999997,574,1776421,1630814,120011,15611,289,623,5820,3,628981,132878,496103,345031,32329,4851,400702,23444,990.0,69.0
Karnataka,Haveri,14.737582809224318,75.3961230607966,564,1597668,1281878,297927,2406,419,68,9834,702,413564,98488,315076,219976,141380,2456,295937,17819,1052.0,68.0
Karnataka,Kodagu,12.39684468085106,75.79336595744688,576,554519,448986,87274,17130,139,126,250,220,212974,31792,181182,73584,58054,3308,113931,10758,981.0,74.0
Karnataka,Kolar,13.312799881235172,78.01376947743476,581,1536401,1305431,199873,26722,253,150,2494,92,477609,151042,326567,465867,78875,5051,309494,27235,1022.0,66.0
Karnataka,Koppal,15.651253271028034,76.1617048598131,560,1389920,1218024,161770,4081,296,85,2898,461,337649,64681,272968,258608,164271,2135,223166,15263,1014.0,58.0
Karnataka,Mandya,12.574901806239744,76.81570098522172,573,1805769,1712695,77801,8506,322,299,3607,109,562302,103435,458867,265294,22402,3367,391033,20265,1005.0,64.0
Karnataka,Mysore,12.248100259403367,76.52881802853437,577,3001127,2631985,290549,39361,1255,16194,14419,493,920982,380386,540596,536643,334547,28397,640868,80086,1015.0,65.0
Karnataka,Raichur,16.050795353982295,76.87368606194688,559,1928812,1634062,272022,10394,538,2265,4156,29,455848,125402,330446,400933,367071,5200,314547,33903,1000.0,51.0
Karnataka,Shimoga,14.063845885634592,75.17882078103197,568,1752753,1479424,234664,26521,400,120,9234,367,554106,201662,352444,308158,65412,8791,363835,35207,1002.0,72.0
Karnataka,Tumkur,13.592467760074973,77.02297966260545,571,2678980,2413812,245923,9130,477,187,5067,161,890242,204799,685443,506901,209559,7971,562769,41751,1017.0,68.0
Karnataka,Udupi,13.450404228534568,74.72009990316337,569,1177361,1009179,96740,65838,232,161,4534,155,385389,115572,269817,75429,52897,9070,224814,24817,914.0,79.0
Kerala,Alappuzha,9.542602965599087,76.38010796263319,598,2127789,1460447,224545,435056,268,146,74,311,723536,392117,331419,201211,6574,28842,507913,71593,909.0,87.0
Kerala,Ernakulam,10.004879301987431,76.26957729035381,595,3282388,1509557,514397,1248137,860,614,1176,1083,1174691,804997,369694,268411,16559,88737,771287,184167,974.0,87.0
Kerala,Idukki,9.80480963855423,77.04586641566264,596,1108974,541854,82206,481507,100,189,44,384,412433,20823,391610,145486,55815,8250,244844,24863,994.0,83.0
Kerala,Kannur,11.941523076923056,75.35209891725934,589,2523003,1509592,742483,262526,424,1118,193,722,872479,566191,306288,83350,41371,32653,511167,83940,881.0,85.0
Kerala,Kasaragod,12.33310309912974,75.07768497134369,588,1307375,729987,486913,87454,151,362,130,152,417805,166164,251641,53283,48857,10378,237670,32484,926.0,79.0
Kerala,Kollam,8.929388820570157,76.6360775852431,600,2635375,1697635,508500,421598,208,272,63,619,925130,401415,523715,328263,10761,31542,630767,83133,898.0,85.0
Kerala,Kottayam,9.643701174068417,76.46059673302705,597,1974551,983598,126499,858608,204,358,83,565,678161,196194,481967,153909,21972,37849,464039,83999,962.0,89.0
Kerala,Kozhikode,11.392924270557026,75.71158720159153,591,3086293,1734958,1211131,131516,297,235,601,588,990336,666543,323793,199191,15228,36791,641660,107602,911.0,85.0
Kerala,Malappuram,10.97329875666072,75.93910775606876,592,4112920,1135259,2888849,81556,205,179,68,579,1157129,522586,634543,308266,22990,27909,730119,119918,911.0,81.0
Kerala,Palakkad,10.784926903553291,76.49980490693744,593,2809934,1875980,812936,114397,220,238,78,400,894341,228442,665899,403833,48972,27162,587583,69440,937.0,80.0
Kerala,Thiruvananthapuram,8.537101759082221,76.88711502868073,601,3301427,2194057,452915,630573,404,301,76,1082,1169117,609824,559293,372977,26759,71621,783872,155321,920.0,84.0
Kerala,Thrissur,10.458932647907687,76.12321940836945,594,3121200,1823442,532839,757484,259,278,62,585,1051867,715119,336748,324350,9430,56148,721625,132774,903.0,86.0
Kerala,Wayanad,11.715277464788736,76.07587007042254,590,817420,404460,234185,174453,61,312,1797,286,277988,11805,266183,32578,151443,4712,149864,15944,966.0,79.0
Madhya Pradesh,Anuppur,23.18184220430107,81.86560000000007,461,749237,686524,21473,2132,606,86,1653,35434,207713,60325,147388,74385,358543,1290,81338,7266,1024.0,58.0
Madhya Pradesh,Ashoknagar,24.63098846153845,77.82974493927134,459,845071,778214,40707,635,8009,1352,15094,27,206741,37135,169606,175764,82072,619,84720,6016,1106.0,56.0
Madhya Pradesh,Balaghat,21.80020720640569,80.42170053380796,457,1701698,1519384,38542,5295,1050,72162,4778,58064,470867,70793,400074,125426,383026,1712,277927,13306,980.0,67.0
Madhya Pradesh,Barwani,21.702135714285724,74.91004719710673,441,1385881,1318869,58222,2967,2361,416,2289,263,299270,48912,250358,87991,962145,1158,181139,8516,1019.0,40.0
Madhya Pradesh,Betul,21.964626315789477,77.7873428189117,447,1575362,1505745,37590,3271,1078,9651,3759,13048,406649,87704,318945,159296,667018,2109,230974,13755,1030.0,60.0
Madhya Pradesh,Bhind,26.35951126187245,78.7618324287653,420,1703005,1595400,66776,973,4047,12215,19950,73,359596,88385,271211,374799,6131,1166,107819,14368,1194.0,64.0
Madhya Pradesh,Bhopal,23.480726143790854,77.39246623093679,444,2371061,1755861,525434,23432,10789,21688,25950,335,700719,581826,118893,357516,69429,40788,452912,94729,1089.0,70.0
Madhya Pradesh,Burhanpur,21.364567254408065,76.24460478589425,467,757847,552526,180840,1199,1074,19883,1884,99,178840,62861,115979,64254,230095,986,112420,5058,1052.0,54.0
Madhya Pradesh,Chhatarpur,24.813637376460004,79.56449299191374,425,1762375,1676918,70351,1980,968,250,10409,102,470917,95048,375869,405313,73597,1880,176056,15567,1133.0,54.0
Madhya Pradesh,Chhindwara,22.227966971713823,78.76413136439254,455,2090922,1923920,100692,4893,2258,24471,7830,25771,553944,140802,413142,232244,769778,3588,344875,20034,1037.0,62.0
Madhya Pradesh,Damoh,23.76624407960196,79.47049303482588,428,1264219,1186420,47966,1681,1096,119,25005,82,369901,66514,303387,246337,166295,1432,187731,10504,1099.0,59.0
Madhya Pradesh,Datia,25.90226439560441,78.63916571428574,422,786754,747693,28483,683,490,7923,453,10,203854,43401,160453,200270,15061,616,97696,5251,1146.0,62.0
Madhya Pradesh,Dewas,22.7851110021322,76.46088805970157,437,1563715,1376591,174259,2355,2330,382,6497,72,376009,101014,274995,292007,272701,3518,270457,16523,1062.0,59.0
Madhya Pradesh,Dhar,22.572681718963157,75.1105620736698,438,2185793,2051219,116202,2261,1607,328,12199,88,515712,103364,412348,145436,1222814,2388,349639,18626,1037.0,49.0
Madhya Pradesh,Dindori,22.83738437047757,81.04332966714911,453,704524,605435,6736,4238,260,61,687,84006,227795,9774,218021,39782,455789,554,62372,6447,998.0,54.0
Madhya Pradesh,Guna,24.49043927178156,77.2235895968791,458,1241519,1172248,49203,1208,3271,529,13474,52,285085,72320,212765,193115,190819,2482,144248,11740,1097.0,53.0
Madhya Pradesh,Gwalior,26.04074441964285,78.12782433035713,421,2032036,1835299,141735,4119,24790,4361,18058,217,444892,272172,172720,393068,72133,15779,306859,46454,1158.0,67.0
Madhya Pradesh,Harda,22.227659781121783,77.07022571819435,448,570465,527462,38640,683,676,93,1573,55,144559,31845,112714,92865,159678,986,95066,5376,1070.0,62.0
Madhya Pradesh,Hoshangabad,22.595268801996703,78.02168094841929,449,1241350,1175203,52269,4453,3127,1550,3888,107,315396,105746,209650,205007,197300,2871,198076,14456,1095.0,65.0
Madhya Pradesh,Indore,22.680265752128648,75.9133801324502,439,3276697,2728225,415142,18523,25696,11496,71667,720,788318,587947,200371,545239,217679,48691,593576,111478,1078.0,70.0
Madhya Pradesh,Jabalpur,23.18525572327043,79.98328754716981,451,2463289,2159065,203652,23142,13256,4320,33728,21010,624761,352477,272284,348029,375231,20443,452023,58601,1077.0,71.0
Madhya Pradesh,Jhabua,22.419578015397768,74.40921616766468,464,1025048,960925,15733,38423,141,65,8871,388,235793,24713,211080,17427,891818,744,125411,5591,1010.0,34.0
Madhya Pradesh,Katni,23.724416229116937,80.33819665871127,450,1292042,1240650,37232,3158,1167,157,5342,2643,349031,72880,276151,155717,317699,2179,172416,13094,1051.0,61.0
Madhya Pradesh,Mandla,22.70348712446353,80.38600543633753,454,1054905,849518,16558,12450,436,297,1789,170533,316932,37258,279674,48425,610528,912,143803,9042,992.0,57.0
Madhya Pradesh,Mandsaur,24.19278764044944,75.43588667736759,433,1340411,1192588,125548,1120,849,242,19029,77,384119,81832,302287,249024,33092,2324,239885,12507,1038.0,62.0
Madhya Pradesh,Morena,26.37313504531724,77.88447341389724,419,1965970,1875495,76159,1092,557,3234,6681,92,414586,95288,319298,421519,17030,1781,131486,20172,1190.0,60.0
Madhya Pradesh,Neemuch,24.70311893333336,75.06608186666664,432,826067,741288,67324,1508,1110,224,14165,115,242197,67962,174235,111162,71441,1945,145258,8342,1048.0,62.0
Madhya Pradesh,Panna,24.451325840092657,80.21133001158752,426,1016520,974748,35214,418,186,37,4734,218,288923,32179,256744,207990,170879,653,76097,8501,1104.0,54.0
Madhya Pradesh,Raisen,23.292518206521724,78.16305495923909,446,1331597,1195235,120331,1725,2262,253,10637,190,325713,74441,251272,225891,205006,1141,194373,9931,1109.0,62.0
Madhya Pradesh,Rajgarh,23.785499026425583,76.66431223922116,442,1545814,1433879,106928,1243,460,121,1599,50,401717,69823,331894,295718,53751,1611,231130,12718,1046.0,52.0
Madhya Pradesh,Ratlam,23.503562290502792,75.14895782122909,434,1455069,1267043,151071,3996,1353,175,29353,123,373867,107151,266716,198612,409865,3644,213825,14905,1030.0,57.0
Madhya Pradesh,Rewa,24.861184625158856,81.57572465057183,430,2365106,2268838,85414,1964,832,986,655,232,618399,94489,523910,383508,311985,3406,251132,31194,1075.0,61.0
Madhya Pradesh,Sagar,23.800318709677374,78.71940357771273,427,2378458,2198297,103480,5580,4146,991,62992,168,613915,165507,448408,501630,221936,4546,366494,24811,1119.0,65.0
Madhya Pradesh,Satna,24.62777621776502,80.75547048710598,429,2228935,2158623,59471,2228,1163,364,3135,1689,576004,114173,461831,398569,319975,3754,294702,22751,1080.0,62.0
Madhya Pradesh,Sehore,22.9297199679658,77.06780202883085,445,1311332,1163607,137980,1404,640,357,6232,66,329647,59220,270427,271281,145512,1566,212138,11166,1089.0,60.0
Madhya Pradesh,Seoni,22.33230487804874,79.66053863928111,456,1379131,1145052,79739,1857,360,7288,4982,135315,382587,47542,335045,130797,519856,1182,228695,10417,1018.0,63.0
Madhya Pradesh,Shahdol,23.44859864559819,81.4596831828442,460,1066063,997073,42426,2372,912,268,1737,19448,291440,57846,233594,89733,476008,1733,113184,10817,1027.0,57.0
Madhya Pradesh,Shajapur,23.566620317220547,76.33555181268885,436,1512681,1321003,174724,815,631,179,13755,66,386608,73997,312611,353914,37836,1382,232735,10797,1066.0,59.0
Madhya Pradesh,Sheopur,25.78014810996563,77.16911116838484,418,687861,638702,41396,230,6387,201,379,40,176522,26376,150146,108391,161448,273,74770,5393,1110.0,48.0
Madhya Pradesh,Shivpuri,25.37802451874367,77.74861600810549,423,1726050,1648749,51200,1117,7151,3421,12171,72,434618,66759,367859,321515,227802,1852,148128,15304,1141.0,52.0
Madhya Pradesh,Sidhi,24.17547189952905,82.1053783359498,462,1127033,1077545,34419,511,128,92,93,12556,276869,25916,250953,130202,313304,837,102228,10790,1045.0,53.0
Madhya Pradesh,Tikamgarh,25.14099852104666,78.89357064846428,424,1445166,1383475,44143,588,251,109,15569,39,382992,60220,322772,361604,67857,1090,132725,10899,1110.0,52.0
Madhya Pradesh,Ujjain,23.319288862745065,75.80383717647058,435,1986864,1718204,233133,4659,3241,945,24622,211,489449,188684,300765,523869,48730,7501,323379,27733,1047.0,62.0
Madhya Pradesh,Umaria,23.59601063063061,80.90879477477475,431,644758,620515,15966,667,190,70,220,6028,168066,29966,138100,58147,300687,839,67975,6360,1053.0,55.0
Madhya Pradesh,Vidisha,23.82838307984792,77.9013507604563,443,1458875,1287391,149548,1313,914,295,18490,70,376409,83830,292579,292144,67603,1926,181510,12888,1116.0,59.0
Maharashtra,Akola,20.746310479041902,77.12122320359276,501,1813906,1107809,357253,4483,1504,328033,10205,389,504235,196077,308158,364059,100280,6163,314490,24232,1058.0,78.0
Maharashtra,Amravati,21.16520991810736,77.67583503184723,503,2888445,2055177,421410,7223,2242,383891,11360,3288,781815,272894,508921,506374,404128,9438,512492,36185,1052.0,78.0
Maharashtra,Aurangabad,20.0979228832952,75.32072196796334,235,2540073,2291133,237353,2218,295,334,775,19,477297,49006,428291,612064,1033,2362,44456,31168,1080.0,58.0
Maharashtra,Aurangabad,20.0979228832952,75.32072196796334,515,3701282,2545438,786677,15991,5142,309093,30981,1005,979132,427343,551789,539368,143366,23258,589477,69937,1083.0,68.0
Maharashtra,Bhandara,21.211792649727748,80.10950199637024,506,1200334,1009352,26502,2145,831,154458,1017,3555,356418,72575,283843,200372,88886,2932,227025,13165,1018.0,75.0
Maharashtra,Bid,18.952353340080982,75.69319706477731,523,2585049,2174672,320395,2097,824,68482,8719,399,698571,135457,563114,351254,32722,5614,402052,29198,1092.0,66.0
Maharashtra,Buldana,20.56680611183355,76.39017880364096,500,2586258,1845424,354236,3531,1668,364229,12242,522,728192,152787,575405,470895,124837,4767,423036,24877,1071.0,73.0
Maharashtra,Chandrapur,20.095609090909075,79.31556380471388,509,2204307,1780085,92297,10701,5251,286734,3861,23188,684655,233331,451324,348365,389441,8239,418666,31419,1040.0,72.0
Maharashtra,Dhule,21.274018690400517,74.58719071837263,498,2050862,1825460,187901,3653,1422,13405,12818,912,528790,146013,382777,127571,647315,6065,315332,27139,1057.0,63.0
Maharashtra,Gondiya,21.225008411214997,80.17522698598128,507,1322507,1153861,26157,1827,2160,125282,1568,5080,386515,66813,319702,175961,214253,2866,239981,13595,1001.0,76.0
Maharashtra,Hingoli,19.59525302245251,77.09239412780653,512,1177345,863199,127552,992,643,176679,5278,103,284369,41913,242456,182565,111954,1221,159114,9676,1062.0,67.0
Maharashtra,Jalgaon,20.8828943415638,75.55140421810695,499,4229917,3457615,560261,7091,3091,143865,27404,9662,1169788,373565,796223,389273,604367,14297,720791,56775,1081.0,68.0
Maharashtra,Jalna,19.984612534818933,75.98473607242339,514,1959046,1504641,274221,12542,1629,152540,9619,336,502830,98084,404746,272266,42263,3791,288895,17236,1067.0,61.0
Maharashtra,Kolhapur,16.44881301587301,74.12897150793648,530,3876001,3379906,286558,15573,1570,29766,154882,1274,1179314,382818,796496,504461,30206,22269,770005,71879,1045.0,73.0
Maharashtra,Latur,18.348687268993856,76.75812607802874,524,2454196,2006984,367664,2387,935,66535,6387,310,585632,157016,428616,480913,57488,6217,381722,29758,1078.0,67.0
Maharashtra,Nagpur,21.196556862745105,79.02166176470584,505,4653570,3492202,390974,34667,20469,668050,24528,12181,1308366,877522,430844,867713,437571,57964,917626,135750,1051.0,79.0
Maharashtra,Nanded,19.209316983017,77.6829048951049,511,3361292,2501741,471951,3902,13540,354189,5049,1273,821682,230563,591119,640483,281695,7548,488748,43055,1061.0,65.0
Maharashtra,Nandurbar,21.523175625248147,74.32638757443429,497,1648295,1521618,96182,8467,685,4969,6191,2907,405012,71572,333440,47985,1141933,2579,186202,17047,1022.0,55.0
Maharashtra,Nashik,20.266912871287143,74.03824168316828,516,6107187,5237009,693052,23946,8912,94783,38212,1795,1668932,764271,904661,554687,1564369,45039,904710,138887,1070.0,71.0
Maharashtra,Osmanabad,18.19459456066944,75.99495575313809,525,1657576,1437623,178925,942,340,28216,4530,195,444990,77832,367158,265184,36039,3209,240042,18183,1082.0,69.0
Maharashtra,Parbhani,19.31032425249168,76.70163338870431,513,1836086,1328385,306364,2081,1371,187899,6238,262,427239,133759,293480,247308,40514,3982,272486,21196,1056.0,63.0
Maharashtra,Pune,18.51696171428573,74.12922881632647,521,9429408,8090254,673704,134192,27090,340404,127786,9873,3222457,2056739,1165718,1180703,348876,235018,1925019,490260,1093.0,76.0
Maharashtra,Raigarh,18.453257637845976,73.0090609418579,403,1493984,1422986,17332,47653,2117,781,409,1782,420916,66638,354278,224942,505609,3342,297308,13857,1009.0,64.0
Maharashtra,Raigarh,18.453257637845976,73.0090609418579,520,2634200,2239370,227465,17452,7477,121791,12260,1159,959028,377160,581868,134952,305125,38570,547206,96301,1042.0,74.0
Maharashtra,Ratnagiri,17.210195070127703,73.25725893866404,528,1615069,1307211,187197,1990,230,113467,3347,95,639362,100824,538538,66948,20374,7752,367352,31062,891.0,74.0
Maharashtra,Sangli,17.154930181086502,74.70713822937628,531,2822143,2440312,239607,9098,1260,38210,87453,769,853673,226801,626872,353093,18333,13212,485126,49056,1036.0,73.0
Maharashtra,Satara,17.6737908974359,74.18052064102558,527,3003741,2691952,146970,4408,1182,141315,12810,676,975471,200949,774522,323236,29635,14093,562653,57423,1012.0,74.0
Maharashtra,Sindhudurg,16.170948049777163,73.51329008172343,529,849651,780384,26264,15471,219,24762,1046,53,340836,44989,295847,55586,6976,3517,194228,15721,965.0,78.0
Maharashtra,Solapur,17.837357937584812,75.42394823609216,526,4317756,3795424,441254,9882,1279,35497,28134,568,1156231,376302,779929,649745,77592,15145,595560,59296,1066.0,67.0
Maharashtra,Thane,19.698767747440264,72.79882742564581,517,11060148,8716055,1355630,280700,39149,449617,172052,9862,3618151,2904157,713994,730089,1542451,256170,2231800,551643,1129.0,74.0
Maharashtra,Wardha,20.80743024390242,78.57259105691062,504,1300774,1057096,53854,2696,2147,175417,5663,2254,388704,120218,268486,188830,149507,4313,266155,16260,1057.0,78.0
Maharashtra,Washim,20.282282394366213,77.25502394366208,502,1197160,859949,142672,1707,518,179330,8476,381,330846,55921,274925,229462,80471,1875,196022,10757,1075.0,73.0
Maharashtra,Yavatmal,20.04258346738159,78.05326371760479,510,2772348,2251401,239236,4567,1596,249874,11422,3745,798132,168889,629243,328518,514057,6094,446516,29917,1050.0,73.0
Manipur,Bishnupur,24.50712111801243,93.8246236024845,275,237399,175102,18691,4264,56,76,16,38457,56149,21172,34977,22113,3287,676,34364,3447,1001.0,66.0
Manipur,Chandel,24.2635812987013,94.09443844155844,280,144182,10810,3086,129049,136,400,59,354,34160,3783,30377,540,128280,184,18764,1782,1071.0,63.0
Manipur,Churachandpur,24.30309718875504,93.38671506024085,274,274143,12034,2886,254979,152,495,87,2333,57825,4853,52972,443,254787,837,29894,4496,1026.0,71.0
Manipur,Senapati,25.08465586034914,94.03366234413956,272,479148,43833,1649,426819,140,2409,53,1243,39834,1826,38008,1000,419210,256,22798,2170,1067.0,55.0
Manipur,Tamenglong,24.98312942238265,93.49450740072204,273,140651,2995,589,134760,59,425,57,1144,28101,4119,23982,22,134626,125,11541,1362,1060.0,60.0
Manipur,Thoubal,24.545392553191498,93.97959893617023,276,422168,267146,107323,4322,106,114,24,42347,104263,38302,65961,40593,1808,880,49507,5110,998.0,64.0
Manipur,Ukhrul,25.05900314960629,94.44129566929138,279,183998,7553,1115,174112,108,635,70,32,41890,5806,36084,248,173606,276,14026,2437,1061.0,71.0
Meghalaya,East Garo Hills,25.82728228228228,90.64684924924916,294,317917,17272,3359,289708,56,1004,38,5617,74216,11518,62698,509,305180,288,24550,2368,1029.0,60.0
Meghalaya,East Khasi Hills,25.303763888888884,91.75922519841272,298,825922,144935,14185,543394,2495,3111,303,115597,215091,108843,106248,5642,661158,5032,135941,19306,989.0,70.0
Meghalaya,Jaintia Hills,25.33959557069844,92.37608160136298,299,395124,12456,1646,271596,34,284,45,107559,83717,7171,76546,1317,376099,510,41677,4333,987.0,47.0
Meghalaya,South Garo Hills,25.240568578553614,90.64560349127176,295,142334,7036,1050,132984,27,332,10,362,39643,3713,35930,319,134237,179,10940,1625,1058.0,58.0
Meghalaya,West Garo Hills,25.495285185185185,90.03709947089942,293,643291,122936,106788,389956,209,3392,144,16950,157945,18594,139351,8810,474009,1630,51301,8872,1016.0,56.0
Meghalaya,West Khasi Hills,25.500889926739926,91.25364542124538,296,383461,6498,1533,366881,58,1313,38,5878,87131,12299,74832,168,375097,149,32873,2462,1021.0,60.0
Mizoram,Aizawl,23.90781335453101,92.85359459459472,283,400309,13249,5264,379134,105,1570,76,505,100911,80341,20570,627,373542,4019,79804,21093,991.0,85.0
Mizoram,Champhai,23.54166580976866,93.24221799485862,284,125745,1075,699,123446,9,151,45,194,31112,12717,18395,17,123466,186,23948,2263,1017.0,80.0
Mizoram,Kolasib,24.2020004347826,92.73470391304348,282,83955,4000,4426,75210,16,108,2,46,22176,12507,9669,84,73609,367,14853,1986,1046.0,78.0
Mizoram,Lawngtlai,22.36102843137253,92.66964156862753,287,117894,1668,522,63892,52,51549,122,2,27266,5273,21993,146,112354,162,9283,1329,1058.0,53.0
Mizoram,Lunglei,23.007717036172675,92.63512555425892,286,161428,5231,1290,127124,74,27543,93,5,38794,17315,21479,178,153533,482,26394,3725,1055.0,75.0
Mizoram,Mamit,23.73852942502819,92.4330803833147,281,86364,2989,1782,69104,13,12328,25,19,20855,4129,16726,51,82080,90,12158,1073,1079.0,70.0
Mizoram,Saiha,22.35744801061008,93.02827931034489,288,56574,933,514,54977,11,102,4,2,12827,5784,7043,83,54642,168,7400,1194,1022.0,75.0
Mizoram,Serchhip,23.263864705882344,92.914158496732,285,64937,991,335,63444,6,60,9,35,15490,8018,7472,32,62889,131,12315,987,1024.0,84.0
Nagaland,Dimapur,25.814176811594223,93.75074057971014,265,378811,108900,31212,234239,566,1270,2148,157,111969,62853,49116,0,223989,3303,71413,12077,1088.0,73.0
Nagaland,Kohima,25.60311428571428,93.78600657596373,270,267988,25496,4384,234955,998,1519,80,335,76100,44255,31845,0,224738,1928,50724,7982,1077.0,74.0
Nagaland,Mokokchung,26.478911764705888,94.522426006192,262,194622,9840,2057,181847,78,442,66,6,55278,17742,37536,0,178431,537,40154,2728,1081.0,82.0
Nagaland,Mon,26.69207374301676,95.03072988826828,261,250260,8102,3444,236494,84,1256,314,1,51022,7415,43607,0,238285,178,14398,2844,1112.0,48.0
Nagaland,Phek,25.63272986577182,94.56814563758392,266,163418,3563,950,158224,31,350,17,198,46198,7295,38903,0,157146,170,36182,1558,1051.0,65.0
Nagaland,Tuensang,26.21104453280316,94.85809880715708,267,196596,2979,1052,191864,27,572,5,1,50141,9451,40690,0,190916,155,24998,2251,1077.0,60.0
Nagaland,Wokha,26.202611551155112,94.1990815181518,264,166343,5605,2043,158236,34,318,8,20,46669,8170,38499,0,156621,198,25268,1757,1033.0,77.0
Nagaland,Zunheboto,26.028178205128206,94.50026666666668,263,140757,2580,772,136995,39,286,6,2,37311,6044,31267,0,136561,261,28846,2008,1024.0,73.0
Orissa,Baleshwar,21.48570932311624,87.08085828011933,377,2320529,2197709,94254,6434,237,111,201,18345,683594,82440,601154,478586,275678,7370,296834,28289,1045.0,70.0
Orissa,Bhadrak,20.95262735257214,86.81496204516931,378,1506337,1398543,104202,745,169,81,111,61,428106,54244,373862,334896,30428,2637,164636,15609,1019.0,73.0
Orissa,Cuttack,20.407640646029623,85.7776810228802,381,2624470,2457729,141263,11985,1026,6276,1180,168,790297,210768,579529,498633,93745,15046,349587,40589,1064.0,77.0
Orissa,Dhenkanal,20.79887159353349,85.53226836027711,383,1192811,1185542,4805,727,124,366,39,139,352369,36979,315390,234079,162056,1810,117172,10600,1056.0,70.0
Orissa,Gajapati,19.121080882352945,84.14015091911759,389,577817,353160,1556,219482,53,2180,66,4,175145,23050,152095,39175,313714,635,63112,5523,959.0,45.0
Orissa,Ganjam,19.2632617564534,84.80297710437702,388,3529031,3486059,13315,23975,590,174,170,76,1015394,219918,795476,688235,118928,9049,405298,41059,1017.0,63.0
Orissa,Jharsuguda,21.827058566978184,83.93581682242987,371,579505,553587,12783,10462,1441,80,70,67,177186,73962,103224,104620,176758,2498,81433,7555,1049.0,70.0
Orissa,Kalahandi,19.784253092783523,83.1124043814433,395,1576869,1555367,4975,11160,796,175,1225,220,494748,38412,456336,286580,449456,1953,91171,12622,997.0,51.0
Orissa,Kandhamal,20.092878624813142,84.02216352765326,390,733110,580300,2138,148895,82,290,47,23,242935,24489,218446,115544,392820,768,28736,6609,965.0,55.0
Orissa,Kendrapara,20.606319815982264,86.83763247572003,379,1440361,1386792,50247,1423,169,62,52,24,438243,23494,414749,309780,9484,1628,173107,11836,993.0,76.0
Orissa,Khordha,20.054162322274863,85.52234834123229,386,2251673,2147632,84060,12527,1264,475,476,434,688729,356895,331834,297472,115051,35701,349860,75588,1076.0,78.0
Orissa,Koraput,18.82627794779476,82.81278469846964,398,1379647,1294151,8850,68550,518,219,491,3384,460128,78339,381789,196540,697583,3988,85766,17294,969.0,41.0
Orissa,Malkangiri,18.25227930367506,81.98293636363628,399,613192,600219,1871,10039,213,43,195,35,183723,15839,167884,138295,354614,448,24604,3908,981.0,40.0
Orissa,Mayurbhanj,21.897621545157754,86.4030408052231,376,2519738,2113079,33706,15008,661,162,109,351714,753589,64479,689110,184682,1479576,2950,140189,17999,994.0,54.0
Orissa,Nayagarh,20.192895622119817,85.05614700460825,385,962789,955754,5278,383,107,33,24,12,288334,26688,261646,136399,58691,1163,124984,8278,1092.0,71.0
Orissa,Nuapada,20.471309512195116,82.59152536585364,394,610382,601092,4952,1778,724,76,905,22,209127,11869,197258,82159,206327,757,43976,4221,979.0,49.0
Orissa,Puri,19.83509174603177,85.86698989898981,387,1698730,1644905,46094,4239,193,243,94,302,474224,72210,402014,325133,6129,3416,201605,16006,1038.0,76.0
Orissa,Rayagada,19.292840020060204,83.45860120361095,396,967911,874445,4607,84916,219,249,123,44,286548,49205,237343,139514,541905,1553,61543,9166,952.0,42.0
Orissa,Sambalpur,21.515752380952385,84.34958483245157,372,1041099,964188,20120,50637,2506,310,86,1117,315495,94798,220697,191827,355261,5231,126498,14521,1025.0,68.0
Orissa,Sundargarh,22.06354819277107,84.50524819277099,374,2093437,1532352,71391,385011,5713,710,721,89986,618062,230151,387911,191660,1062349,12787,223537,35024,1028.0,64.0
Puducherry,Karaikal,10.876161726078813,79.82369793621002,637,200222,152638,28835,18391,46,63,54,14,69333,33715,35618,35348,0,1868,47880,4870,955.0,77.0
Puducherry,Mahe,12.006420793787758,75.28275021570326,636,41816,27940,12856,958,3,21,14,3,12110,12110,0,144,0,574,7150,1484,844.0,87.0
Puducherry,Yanam,16.707695652173904,82.26187304347832,634,55626,53537,1191,873,3,1,4,4,15519,15519,0,8427,0,207,12859,597,964.0,71.0
Punjab,Amritsar,31.548679820627772,74.79883856502238,49,2490656,690939,12502,54344,1716935,876,3152,1044,660953,385476,275477,770864,0,29961,461231,63864,1125.0,68.0
Punjab,Bathinda,30.190524611973352,75.05685898004438,46,1388525,380569,16299,2474,984286,246,1266,559,355722,137563,218159,450473,0,11284,255650,32253,1152.0,61.0
Punjab,Faridkot,30.591187250996025,74.79751553784862,45,617508,141363,3125,1227,469789,155,1109,103,158863,58917,99946,240328,0,4348,113549,12276,1123.0,62.0
Punjab,Fatehgarh Sahib,30.64290947368421,76.36208394736842,40,600163,152851,16808,1698,427521,48,178,251,174896,57337,117559,192493,0,5138,113683,14294,1148.0,71.0
Punjab,Firozpur,30.63407535211269,74.40245732394365,43,2029074,906408,6844,19358,1090815,454,1143,278,502390,153868,348522,855726,0,10042,349662,31070,1119.0,60.0
Punjab,Gurdaspur,32.04283371212125,75.3204064393939,35,2298323,1074332,27667,176587,1002874,405,580,812,606348,185488,420860,580576,0,14428,411216,38445,1117.0,71.0
Punjab,Hoshiarpur,31.55157169811319,75.8469857442349,38,1586625,1000743,23089,14968,538208,3476,2034,531,551265,128592,422673,557504,0,13747,319930,34328,1040.0,76.0
Punjab,Jalandhar,31.250336907216507,75.54400350515463,37,2193590,1394329,30233,26016,718363,11385,4011,805,708130,377791,330339,854444,0,39082,446200,79134,1092.0,74.0
Punjab,Kapurthala,31.336592638036837,75.47641165644177,36,815168,336124,10190,5445,453692,6662,553,334,261203,95770,165433,276707,0,9732,161206,23145,1096.0,71.0
Punjab,Ludhiana,30.76596397379912,75.83110851528383,41,3498739,1502403,77713,16517,1863408,2007,19620,1254,1036821,641789,395032,923358,0,58589,703624,123400,1145.0,73.0
Punjab,Mansa,29.919547714285724,75.4304922857143,47,769751,156539,10375,917,598443,123,1577,493,196389,50786,145603,258878,0,2673,140099,10085,1132.0,55.0
Punjab,Moga,30.756540067340065,75.1600845117845,42,995746,158414,9388,3277,818921,178,436,365,288439,74144,214295,363417,0,7897,183396,21662,1119.0,63.0
Punjab,Muktsar,30.31243303303303,74.5518747747748,44,901896,254920,4333,1681,638625,240,744,433,224157,74650,149507,381554,0,4571,166585,14077,1116.0,58.0
Punjab,Patiala,30.214540380693364,76.27505893949697,48,1895686,783306,40043,5683,1059944,245,1914,1410,517369,218090,299279,465359,0,24274,352929,55105,1122.0,67.0
Punjab,Rupnagar,30.910937330754347,76.53743500967126,51,684627,304481,14492,2094,361045,118,653,143,208699,60537,148162,180905,0,6600,129123,17542,1093.0,73.0
Punjab,Sangrur,30.185045204336895,75.89437014178496,53,1655169,389410,179116,2406,1077438,268,3222,1038,448944,156788,292156,461609,0,10736,305557,30955,1130.0,61.0
Rajasthan,Ajmer,26.199300378787903,74.6990419191919,119,2583052,2201663,314159,10605,6799,417,45614,184,684254,274919,409335,478027,63482,13499,393498,41732,1052.0,59.0
Rajasthan,Alwar,27.55271738035265,76.65359630562563,104,3674179,3039279,547335,2696,64532,4384,13221,348,995261,212967,782294,653036,289249,9750,485723,45770,1117.0,59.0
Rajasthan,Banswara,23.453642032967014,74.44246868131869,125,1797485,1701234,48834,22250,427,138,22613,109,429844,39407,390437,80091,1372999,2324,120603,15062,1020.0,46.0
Rajasthan,Baran,24.98023243243244,76.86210651828291,128,1222755,1133349,79984,1432,3066,84,2795,48,318988,69804,249184,221184,276857,1363,161310,9491,1077.0,57.0
Rajasthan,Barmer,25.77070908045978,71.50297126436782,115,2603751,2244882,321192,1157,450,157,34010,34,598805,55980,542825,436414,176257,2766,126494,37730,1109.0,46.0
Rajasthan,Bharatpur,27.32411858037578,77.21752077244258,105,2548462,2143046,371286,1576,23456,899,5758,18,609134,129697,479437,557305,54090,4179,288723,26106,1137.0,58.0
Rajasthan,Bhilwara,25.45119767759564,74.63947595628417,122,2408523,2224839,142427,1978,1468,183,35149,60,675880,145865,530015,407947,229273,6207,373644,24014,1028.0,52.0
Rajasthan,Bikaner,28.12489068322981,73.26943322981371,101,2363937,2073356,235741,1901,20072,285,30850,79,531933,196179,335754,493646,7779,7607,220793,29531,1105.0,54.0
Rajasthan,Bundi,25.48580716049379,75.79984074074079,121,1110906,1017688,66609,682,11059,144,13455,24,303288,63452,239836,210788,228549,1392,136969,7705,1081.0,53.0
Rajasthan,Chittaurgarh,24.631623761665463,74.80010997846382,126,1544338,1413163,97855,1274,1515,252,25843,136,455653,88873,366780,250224,201546,4941,268172,16560,1029.0,53.0
Rajasthan,Churu,28.29330375536484,74.65846427038629,102,2039547,1777879,249736,958,402,188,7104,127,493893,148996,344897,451721,11245,2577,231696,15259,1064.0,56.0
Rajasthan,Dausa,26.91234817629181,76.57342097264443,109,1634409,1582335,45488,439,296,94,3737,115,420694,59610,361084,354337,433344,1719,195277,14539,1105.0,57.0
Rajasthan,Dhaulpur,26.72397054945053,77.74476219780222,106,1206516,1127520,72258,688,1356,92,2739,21,273296,58626,214670,245695,58594,1330,96086,9504,1182.0,57.0
Rajasthan,Dungarpur,23.75104807692308,73.84765641025645,124,1388552,1340065,28662,830,240,226,16141,853,354363,31547,322816,52267,983437,1477,141275,11742,1007.0,49.0
Rajasthan,Ganganagar,29.256785412667963,73.56192303262948,99,1969168,1437144,50688,2077,474853,938,1988,164,562594,164897,397697,720412,13477,6295,283142,24901,1127.0,61.0
Rajasthan,Hanumangarh,29.1813351791531,74.74632573289902,100,1774692,1433067,118673,1542,216997,241,1935,138,497753,108694,389059,494189,14289,3360,243163,16217,1104.0,58.0
Rajasthan,Jaipur,27.033459290187885,75.77117286012533,110,6626178,5819980,687452,12708,18782,1020,81079,257,1732679,977838,754841,1003302,527966,76565,990085,182350,1098.0,65.0
Rajasthan,Jaisalmer,26.86900838548185,71.18371877346682,114,669919,497045,168129,874,1723,98,1521,34,189947,30830,159117,99134,42429,754,43141,7416,1174.0,46.0
Rajasthan,Jalor,25.07578093797277,72.18647261724662,116,1828730,1732852,78990,730,231,144,14640,82,467418,48202,419216,357196,178719,1585,161845,12794,1050.0,45.0
Rajasthan,Jhalawar,24.24725541474657,76.11242891705065,129,1411129,1299751,96164,842,819,46,12488,42,362387,63763,298624,243582,182229,1750,220428,9403,1057.0,52.0
Rajasthan,Jhunjhunun,28.13517401247401,75.52840893970894,103,2137045,1905682,228178,1004,275,56,548,85,650809,150357,500452,360709,41629,4828,297559,24178,1053.0,64.0
Rajasthan,Jodhpur,26.678460838536967,73.00450847457628,113,3687165,3224399,411558,6035,4123,514,36697,80,891657,307442,584215,608024,118924,19335,408808,54808,1091.0,55.0
Rajasthan,Karauli,26.51901555555556,76.96081818181815,107,1458248,1370977,81553,602,297,70,3424,413,364355,59308,305047,354465,324960,1059,132079,13045,1162.0,55.0
Rajasthan,Kota,25.175718080000014,76.18618928000001,127,1951014,1661307,243993,5665,11058,280,25742,286,515189,311735,203454,405408,183816,12843,339899,36297,1098.0,67.0
Rajasthan,Nagaur,27.07862016048146,74.14215667001012,112,3307743,2833443,454487,1912,366,163,12940,276,842201,166489,675712,699911,10418,4449,347344,35328,1053.0,53.0
Rajasthan,Pali,25.80490393541874,73.55285640766907,118,2037573,1870543,143476,1345,1540,141,18974,52,652717,139808,512909,398096,144578,4043,326793,19270,1013.0,53.0
Rajasthan,Rajsamand,25.24894767441859,73.96570215946844,123,1156597,1105676,33677,759,260,100,14966,68,365676,61054,304622,148168,160809,1989,193276,9222,1011.0,54.0
Rajasthan,Sawai Madhopur,26.251081180223288,76.4219283891548,108,1335551,1165505,155681,945,812,177,9991,42,353321,71264,282057,278789,285848,1887,140947,14310,1115.0,56.0
Rajasthan,Sikar,27.64644058641976,75.29317422839503,111,2677333,2342076,327583,1122,356,177,4050,15,705834,178274,527560,418806,75349,5647,339457,28382,1056.0,62.0
Rajasthan,Sirohi,24.7976905263158,72.75309131578943,117,1036346,996562,30479,1284,572,114,6829,56,308174,69639,238535,201863,292470,2146,134089,10297,1064.0,46.0
Rajasthan,Tonk,26.153935071707927,75.79192216427637,120,1421326,1243527,153146,754,378,122,22458,30,380666,81755,298911,287903,178207,1908,158264,12482,1050.0,53.0
Rajasthan,Udaipur,24.44076752136749,73.84029839743584,130,3068420,2869976,104307,7406,4278,209,78647,373,848218,182769,665449,188525,1525289,14211,357846,48517,1043.0,52.0
Sikkim,East,27.29600352941175,88.74908392156858,93,1709346,1410852,178807,15792,53027,2643,46927,366,462218,461132,1086,281422,0,80037,352758,127465,1132.0,79.0
Tamil Nadu,Ariyalur,11.190514836795256,79.22249643916912,616,754894,708397,7942,37403,104,88,65,42,254277,30322,223955,176230,10722,1749,177502,8371,986.0,64.0
Tamil Nadu,Chennai,13.058098905608748,80.28139151846806,603,4646732,3751322,439270,358662,2851,2804,51708,1759,1314125,1314125,0,779667,10061,217368,1096334,355838,1011.0,81.0
Tamil Nadu,Coimbatore,10.871376995940452,77.07619012178621,632,3458045,3044145,211035,190314,1112,435,3284,237,1169752,884957,284795,535911,28342,63273,896325,149920,1000.0,76.0
Tamil Nadu,Cuddalore,11.57587300613498,79.63002365371497,617,2605914,2391675,123749,83334,401,236,1280,138,758209,260780,497429,763944,15702,15396,598412,50938,1014.0,70.0
Tamil Nadu,Dharmapuri,12.300141200000006,78.11509813333339,630,1506843,1452956,38304,14089,164,39,37,87,487926,91107,396819,245392,63044,3651,337972,18927,1057.0,61.0
Tamil Nadu,Dindigul,10.377801390820574,77.78011279554937,612,2159775,1879494,105012,169945,313,256,71,138,713542,269724,443818,452376,8064,9155,500057,38677,1002.0,69.0
Tamil Nadu,Erode,11.267012155963302,77.42034334862392,610,2251744,2115455,76098,55899,435,148,639,157,843684,432398,411286,369483,21880,18604,595211,58861,1007.0,66.0
Tamil Nadu,Kancheepuram,12.496424756511884,80.08820360135913,604,3998252,3537399,173785,256762,1620,990,4962,756,1213504,774705,438799,948081,41210,100322,961161,200738,1014.0,75.0
Tamil Nadu,Kanniyakumari,8.183466300191206,77.32053064053538,629,1870374,909872,78590,876299,160,438,156,10,598041,493788,104253,74249,7282,15673,465692,52943,981.0,83.0
Tamil Nadu,Karur,10.79532776617955,78.08749686847604,613,1064493,993666,53292,16483,115,29,7,79,364661,152420,212241,221385,575,4915,264949,17995,985.0,68.0
Tamil Nadu,Madurai,9.904313833333331,78.01366033333332,623,3038252,2760502,168881,97711,520,199,1532,305,1010441,592723,417718,408976,11096,34097,754141,95311,1010.0,75.0
Tamil Nadu,Nagapattinam,10.789468161718286,79.79437299431483,618,1616450,1435072,128617,47579,184,450,963,110,517740,118724,399016,509767,3756,5585,381940,19692,975.0,75.0
Tamil Nadu,Namakkal,11.33766638477801,78.14624841437633,609,1726601,1673652,32483,16909,183,108,84,199,627484,257127,370357,345392,57059,8960,441044,31581,1014.0,68.0
Tamil Nadu,Perambalur,11.260137758112096,78.86034011799416,615,565223,521658,32702,10301,83,39,38,26,188592,33179,155413,175289,2584,1507,135751,7745,997.0,66.0
Tamil Nadu,Pudukkottai,10.130514816433578,79.05444484265728,621,1618345,1428784,114194,72850,119,81,32,293,503941,104229,399712,284804,1283,4494,354493,18272,985.0,69.0
Tamil Nadu,Ramanathapuram,9.31286995153476,78.99185362412462,626,1353445,1047411,208038,91139,154,86,29,36,417239,126761,290478,249008,1105,5172,291400,22379,1018.0,72.0
Tamil Nadu,Salem,11.629324202127655,78.2478257978723,608,3482056,3326357,95487,53841,412,174,992,246,1170352,597539,572813,580512,119369,20660,835377,63867,1048.0,66.0
Tamil Nadu,Sivaganga,9.960306580645158,78.56535729032255,622,1339101,1186078,74310,75481,150,80,109,24,452417,143193,309224,227746,790,5773,314270,24456,997.0,72.0
Tamil Nadu,Thanjavur,10.387692255892237,79.3194869107745,620,2405890,2075870,190814,133971,231,795,1256,148,753372,274302,479070,455062,3561,13495,555582,42912,966.0,74.0
Tamil Nadu,Theni,9.924066666666668,77.43458833333332,624,1245899,1148990,56751,37574,152,79,28,74,410623,221295,189328,258200,1835,4667,312310,18830,1009.0,70.0
Tamil Nadu,Thiruvallur,13.275858101752885,80.19724702864492,602,3728104,3325823,143093,233633,1422,951,3693,530,1119433,732196,387237,821646,47243,75634,909400,174279,1013.0,75.0
Tamil Nadu,Thiruvarur,10.368927409395978,79.60322893959727,619,1264277,1132785,96092,33192,258,151,279,64,408179,86848,321331,430927,3034,4416,303114,15535,983.0,75.0
Tamil Nadu,Tiruvannamalai,12.419318947368414,79.23265631578953,606,2464875,2294369,91636,66987,232,157,7898,110,710163,147061,563102,565329,90954,6445,549077,27529,1006.0,66.0
Tamil Nadu,Vellore,12.784882632293078,79.02643283582084,605,3936331,3397857,414760,111390,676,438,3514,251,1140300,486801,653499,860212,72955,20623,865913,69912,993.0,70.0
Tamil Nadu,Virudhunagar,9.468872195892564,77.87641469194315,625,1942288,1822626,47838,67405,245,87,98,75,734724,370942,363782,399831,2294,10219,505950,37357,993.0,72.0
Tripura,Dhalai,23.781360477941163,91.94654283088232,291,378230,307120,8256,22940,175,39120,85,206,103528,14071,89457,61688,210608,273,46875,5067,1059.0,73.0
Tripura,North Tripura,24.121739755351683,92.17842538226292,292,693947,507967,105737,44062,151,34717,307,70,192621,42184,150437,114968,179426,997,81601,10310,1035.0,75.0
Tripura,South Tripura,23.211874098057383,91.6065807585568,290,876001,736015,49258,39258,245,49420,106,808,264077,44906,219171,140168,344835,948,133744,10393,1045.0,74.0
Tripura,West Tripura,23.780166241299337,91.41310788863107,289,1725739,1512801,152791,53622,499,2128,362,430,506637,217016,289621,338094,431944,6394,314567,36186,1039.0,79.0
Uttar Pradesh,Agra,26.99512974910393,78.05278291517321,146,4418797,3922718,411313,10076,12057,4049,21508,384,903823,406852,496971,991325,7255,27183,536402,82012,1151.0,61.0
Uttar Pradesh,Aligarh,27.93748576850093,78.00146831119557,143,3673889,2904140,729283,7635,5875,2582,2805,91,858059,275942,582117,755254,629,13634,268120,58336,1134.0,57.0
Uttar Pradesh,Allahabad,25.392038662316445,82.05172446982063,175,5954391,5102041,796756,13782,4377,4391,2247,305,1248570,265304,983266,1309851,7955,24122,391542,85491,1110.0,62.0
Uttar Pradesh,Ambedkar Nagar,26.39119025974028,82.68282142857147,178,2397888,1985654,401678,2536,869,1817,235,33,566590,65031,501559,591125,746,2509,99581,27308,1023.0,62.0
Uttar Pradesh,Auraiya,26.66892394014961,79.42637057356607,162,1379545,1273546,101963,1004,371,332,228,444,314274,58438,255836,391622,150,2404,65479,14279,1157.0,67.0
Uttar Pradesh,Azamgarh,26.008290954773837,83.01220251256285,191,4613913,3878626,718692,3810,719,5652,183,226,971458,80434,891024,1171378,9327,6652,183381,47324,981.0,60.0
Uttar Pradesh,Baghpat,29.045793499999988,77.30266300000001,139,1303048,917474,364583,1840,483,161,16139,25,316046,69991,246055,149060,14,2989,119121,19999,1161.0,61.0
Uttar Pradesh,Bahraich,27.691776300578027,81.46779783237004,180,3487731,2291892,1169330,6400,8212,2793,1177,38,760262,61742,698520,509307,11159,2681,85814,35463,1122.0,40.0
Uttar Pradesh,Ballia,25.86075638297873,84.03651978723408,193,3239774,3004240,213440,4463,892,1595,233,64,629381,64454,564927,494698,110114,4672,119972,42969,1068.0,61.0
Uttar Pradesh,Balrampur,27.449076537911324,82.47158326180256,182,2148665,1333242,805975,3228,900,1866,198,87,445838,35768,410070,277212,24887,1551,57400,15510,1078.0,40.0
Uttar Pradesh,Banda,25.351885902503284,80.52487391304344,170,1799410,1637549,157612,1367,231,168,916,50,445625,67569,378056,387855,163,1655,73522,18612,1159.0,56.0
Uttar Pradesh,Bara Banki,26.922777025232424,81.35762350597606,176,3260699,2505444,737106,4857,2090,1553,3016,211,714908,79068,635840,864559,610,3159,108116,26293,1099.0,52.0
Uttar Pradesh,Bareilly,28.51101940789474,79.43187072368416,150,4448359,2830768,1536534,14822,28187,4371,931,339,994411,362798,631613,557150,3227,15164,272830,56575,1128.0,49.0
Uttar Pradesh,Basti,26.833880454545447,82.69790590909092,185,2464464,2082976,364510,3493,900,9753,107,99,545025,31065,513960,513959,3620,3423,108101,30244,1038.0,57.0
Uttar Pradesh,Bijnor,29.313974259681096,78.45098815489754,134,3682713,2032081,1585210,6184,50624,1736,2134,41,908523,224648,683875,787444,3058,7303,268353,37341,1091.0,58.0
Uttar Pradesh,Bulandshahr,28.34875862068968,78.01082758620684,142,3499171,2707195,777407,4088,2765,669,1572,86,880077,221628,658449,725600,198,7865,223922,38225,1116.0,58.0
Uttar Pradesh,Chandauli,25.1180859611231,83.25307062634984,196,1952756,1727869,215081,2153,1389,340,100,1175,395759,50822,344937,446786,41725,3492,99602,20762,1089.0,60.0
Uttar Pradesh,Chitrakoot,25.159924623803,81.07666087551297,171,991730,955372,34559,693,63,101,285,27,230795,23558,207237,266655,366,827,41046,9437,1137.0,54.0
Uttar Pradesh,Deoria,26.42218856548857,83.8244070686071,190,3100946,2730957,358539,3626,818,1182,209,146,665706,67928,597778,468663,109894,4469,150001,36068,983.0,60.0
Uttar Pradesh,Etah,27.591155309734443,78.70021858407083,201,1774480,1611126,146346,2464,708,2887,5671,18,401998,67752,334246,281011,140,2635,69591,19712,1145.0,59.0
Uttar Pradesh,Etawah,26.78817670157068,79.07621806282728,161,1581810,1457892,113961,1362,1045,1733,3917,94,351126,85483,265643,388283,169,2964,113098,21506,1149.0,67.0
Uttar Pradesh,Faizabad,26.60589185185181,82.00783530864202,177,2470996,2094271,365806,3225,1912,737,358,185,589666,79288,510378,555047,931,4746,127754,28625,1040.0,59.0
Uttar Pradesh,Farrukhabad,27.45063297872342,79.4406284574468,159,1885204,1596278,276846,3137,3160,3161,487,100,411490,94843,316647,312712,230,2624,88081,18733,1145.0,58.0
Uttar Pradesh,Fatehpur,25.8374362030905,80.85416203090509,172,2632733,2274674,350700,2201,402,172,199,47,636540,77733,558807,651480,340,3385,75263,33501,1110.0,57.0
Uttar Pradesh,Firozabad,27.20963993055552,78.42660624999998,147,2498156,2140745,314812,3370,1804,3395,19077,61,535368,185621,349747,473890,2565,5834,196080,31797,1142.0,61.0
Uttar Pradesh,Gautam Buddha Nagar,28.393311038961038,77.52462467532465,141,1648115,1394025,215500,7366,9261,895,4518,91,509770,338935,170835,216105,2215,53181,257586,87188,1175.0,68.0
Uttar Pradesh,Ghaziabad,28.74997308584685,77.67441879350343,140,4681645,3414427,1186776,19026,23001,3487,16412,265,1191723,836316,355407,773463,3968,78116,695130,179552,1135.0,67.0
Uttar Pradesh,Ghazipur,25.624724775583484,83.5360854578097,195,3620268,3233790,368153,4181,810,3145,213,184,761640,61467,700173,726641,28712,5309,105767,50180,1051.0,61.0
Uttar Pradesh,Gonda,27.157215552099505,82.0226888024882,183,3433919,2739076,678615,4735,1893,649,338,57,726372,52794,673578,531973,870,4313,104084,31811,1085.0,49.0
Uttar Pradesh,Gorakhpur,26.63315886792452,83.3549560377358,188,4440895,4009037,403847,9662,2123,2848,460,207,951128,189170,761958,936061,18172,14597,296619,65360,1053.0,61.0
Uttar Pradesh,Hamirpur,25.738158381502892,79.82619479768789,28,454768,449412,3711,243,591,95,293,9,211348,15232,196116,109256,3044,2521,104120,7525,913.0,79.0
Uttar Pradesh,Hamirpur,25.738158381502892,79.82619479768789,168,1104285,1010014,91269,814,196,74,41,273,311381,55300,256081,241198,474,1196,55929,11037,1162.0,59.0
Uttar Pradesh,Hardoi,27.337409090909137,80.26411767676768,155,4092845,3508131,556219,5822,5688,6671,446,98,907677,121064,786613,1274505,349,3845,95508,32065,1153.0,54.0
Uttar Pradesh,Jalaun,26.067954587155988,79.36686911314993,165,1689974,1509708,171581,1148,463,2875,256,145,396421,91565,304856,468178,832,2217,104176,18615,1156.0,64.0
Uttar Pradesh,Jaunpur,25.70141280913127,82.54315351934063,194,4494204,3981502,483750,4947,1286,7898,349,114,1006670,80582,926088,990345,4736,8002,181467,52398,977.0,61.0
Uttar Pradesh,Jhansi,25.45581535234902,78.89954580536917,166,1998603,1823930,147842,7050,4951,1203,7328,311,504913,195321,309592,562505,3873,8517,183340,40774,1124.0,65.0
Uttar Pradesh,Jyotiba Phule Nagar,28.870498984771597,78.39009365482241,137,1840221,1075440,750368,5952,5295,189,517,21,451374,115486,335888,318001,164,2825,89329,18303,1099.0,53.0
Uttar Pradesh,Kannauj,26.993988617886185,79.64437940379408,160,1656616,1375788,273967,1263,504,2033,606,65,365770,65985,299785,309980,15,2488,61491,18082,1138.0,61.0
Uttar Pradesh,Kanpur Dehat,26.43047641196011,79.98710083056478,163,1796184,1612968,176327,1300,478,819,155,103,405256,41323,363933,460544,801,2682,49753,25354,1156.0,65.0
Uttar Pradesh,Kaushambi,25.53587532051282,81.41811282051287,174,1599596,1372381,220423,2225,522,687,545,3,380620,30764,349856,555397,193,1503,43753,15029,1102.0,51.0
Uttar Pradesh,Kushinagar,26.892530675909864,83.92261542461007,189,3564544,2928462,620244,5006,767,4619,383,133,785099,42775,742324,544231,80269,3486,127331,35931,1041.0,55.0
Uttar Pradesh,Lalitpur,24.58877161016945,78.60082330508473,167,1221592,1163804,33724,1351,1034,69,20390,41,301832,43819,258013,240519,71610,1079,77082,9906,1104.0,52.0
Uttar Pradesh,Lucknow,26.838233589251463,80.89706026871404,157,4589838,3537787,985070,20493,23883,3877,4975,504,1061721,717566,344155,948294,7506,68506,582769,152257,1091.0,68.0
Uttar Pradesh,Mahoba,25.34529670138888,79.67863003472216,169,875958,815142,57454,965,389,94,234,157,246823,48525,198298,220898,647,1316,42936,11298,1139.0,56.0
Uttar Pradesh,Mainpuri,27.17386862302482,79.03501851015807,148,1868529,1746649,100723,1729,475,8814,4161,38,411258,72783,338475,368206,478,2642,79022,24451,1135.0,64.0
Uttar Pradesh,Mathura,27.59390432801821,77.62153416856502,145,2547184,2310776,216933,3179,2872,883,2056,126,585290,177802,407488,506580,1520,8726,281239,37596,1159.0,59.0
Uttar Pradesh,Mau,26.01082203791469,83.50582654028433,192,2205968,1769937,428555,2109,340,564,155,129,451528,99321,352207,474537,22915,2656,149908,26716,1021.0,62.0
Uttar Pradesh,Meerut,29.02957625698323,77.80611005586593,138,3443689,2183255,1185643,10582,24912,1855,18544,236,803823,422303,381520,624149,3390,23717,425624,69473,1128.0,62.0
Uttar Pradesh,Mirzapur,25.10207959183675,82.60126628571429,199,2496970,2292534,195765,2373,1133,341,701,27,543115,77963,465152,661129,20132,4447,145997,24518,1108.0,57.0
Uttar Pradesh,Moradabad,28.851770406189537,78.73580193423597,135,4772006,2488265,2248392,13157,7555,1260,2426,382,1047916,355518,692398,731406,685,11690,281758,61846,1103.0,47.0
Uttar Pradesh,Muzaffarnagar,29.470507977736563,77.64017847866423,133,4143512,2382914,1711453,6495,18601,1516,16345,60,969850,296104,673746,561250,317,10077,368153,56149,1125.0,58.0
Uttar Pradesh,Pilibhit,28.52024175035868,79.90103974175037,151,2031007,1449007,489686,3510,84787,360,138,45,461390,89638,371752,333558,1714,2870,83006,18097,1118.0,52.0
Uttar Pradesh,Pratapgarh,25.864842731707316,81.93530048780492,131,867848,827293,25597,358,72,32,14077,27,234082,24269,209813,60429,550427,716,71612,5961,1018.0,46.0
Uttar Pradesh,Pratapgarh,25.864842731707316,81.93530048780492,173,3209141,2731351,452394,3920,1451,7795,746,43,752786,41701,711085,709252,723,5149,140538,34400,1002.0,60.0
Uttar Pradesh,Rae Bareli,26.253902840059787,81.22260463378181,158,3405559,2975998,413243,3634,2424,722,397,602,778418,73393,705025,1030367,1756,5184,247856,34788,1060.0,58.0
Uttar Pradesh,Rampur,28.83244727272725,79.10977333333337,136,2335819,1073890,1181337,9201,65316,384,1307,63,539992,143217,396775,307936,358,3847,131112,25960,1101.0,45.0
Uttar Pradesh,Saharanpur,30.03381165217392,77.59905147826095,132,3466382,1966892,1454052,6523,18627,1937,10208,135,889238,284156,605082,764450,980,9699,404499,38816,1124.0,60.0
Uttar Pradesh,Sant Kabir Nagar,26.791596516393444,83.0387764344262,186,1715183,1300586,404410,1766,447,4393,95,35,352151,27179,324972,369039,1593,2031,79525,19729,1029.0,56.0
Uttar Pradesh,Shahjahanpur,27.991389350649328,79.8302275324675,152,3006538,2412595,527581,4630,51090,2312,301,84,655003,134714,520289,532673,508,3889,115163,27533,1147.0,50.0
Uttar Pradesh,Sitapur,27.501995963091108,80.85288881199547,154,4483992,3555450,893725,6579,11611,2663,1410,79,938902,111319,827583,1446427,1602,3874,102040,34609,1126.0,51.0
Uttar Pradesh,Sonbhadra,24.46693268858798,83.06816324951639,200,1862559,1738769,103567,3963,1649,1747,487,1907,428088,91040,337048,421661,385018,5149,95582,25220,1090.0,53.0
Uttar Pradesh,Sultanpur,26.2846386419753,82.05710456790123,179,3797117,3119590,650261,4453,1629,9989,426,336,889628,49891,839737,851587,696,5956,233701,44008,1017.0,59.0
Uttar Pradesh,Unnao,26.63163990895297,80.636773292868,156,3108367,2732016,363453,3574,1204,920,240,31,717356,121039,596317,948588,2926,3476,99466,28719,1103.0,57.0
Uttar Pradesh,Varanasi,25.36057088888889,82.82529666666672,197,3676841,3107681,546987,7696,3309,1146,1898,298,755064,316129,438935,486958,28617,19214,336056,57583,1095.0,65.0
Uttaranchal,Almora,29.683532133676103,79.50165064267351,64,622506,611250,7752,1895,256,201,31,6,281138,21082,260056,150995,1281,1830,109876,9858,878.0,70.0
Uttaranchal,Bageshwar,29.98703393393397,79.83954354354357,63,259898,257509,1440,397,46,102,7,16,99911,3880,96031,72061,1982,435,47083,3595,917.0,69.0
Uttaranchal,Chamoli,30.58338611464965,79.56281095541402,57,391605,385818,4395,428,323,190,11,23,186340,22906,163434,79317,12260,899,71524,5582,982.0,72.0
Uttaranchal,Champawat,29.29142393939393,80.07720212121217,65,259648,249563,8693,870,336,24,28,6,98041,12839,85202,47383,1339,548,37725,3159,1020.0,68.0
Uttaranchal,Pithoragarh,30.14720631868129,80.34229230769236,62,483439,475105,6015,1401,260,185,13,30,209943,26256,183687,120378,19535,1344,95421,7932,980.0,71.0
Uttaranchal,Tehri Garhwal,30.463700918635173,78.48783792650917,59,618931,609835,7374,656,290,32,91,109,254236,27177,227059,102130,875,1366,117239,7831,928.0,66.0
Uttaranchal,Udham Singh Nagar,29.02779577677222,79.45629004524895,67,1648902,1104452,372267,6064,162768,505,738,159,414659,145253,269406,238264,123037,7883,254802,28053,1087.0,63.0
Uttaranchal,Uttarkashi,30.968958552036234,78.56880615384617,56,330086,324859,3554,353,167,563,74,105,121209,9061,112148,80567,3512,602,52621,4104,1044.0,65.0
West Bengal,Bankura,23.081280892857155,87.12640053571437,339,3596674,3033581,290450,3865,386,260,2904,260694,991400,90885,900515,1174447,368690,4273,334670,34128,1045.0,62.0
West Bengal,Barddhaman,23.444453888888884,87.8150581111111,335,7717563,6008472,1599764,21220,16675,1602,1674,44968,2227236,862368,1364868,2115719,489447,32323,1049943,141387,1058.0,68.0
West Bengal,Birbhum,24.06389342723,87.65153089201888,334,3502404,2181515,1298054,10906,582,258,1152,6051,965609,134565,831044,1033140,242484,5210,333752,39636,1046.0,62.0
West Bengal,Dakshin Dinajpur,25.342094363021435,88.69821679819614,331,1676276,1232850,412788,24794,276,148,323,2786,461026,70077,390949,482754,275366,2518,168069,24318,1047.0,65.0
West Bengal,Darjiling,26.839619571045585,88.33145067024122,327,1846823,1366681,105086,141848,2032,209240,1840,15523,518959,215675,303284,317275,397389,10943,297176,38065,1030.0,71.0
West Bengal,Haora,22.401674174428507,87.99421176968654,341,4850029,3535844,1270641,8666,4380,1258,9699,1265,1352697,869313,483384,718951,15094,30751,796953,99261,1065.0,74.0
West Bengal,Hugli,22.87929264705881,88.00010264705891,338,5519145,4574569,870204,7300,2662,1730,2160,49050,1640038,647953,992085,1344021,229243,31725,965258,118459,1041.0,74.0
West Bengal,Jalpaiguri,26.62642031250004,89.04154375000003,328,3872846,3156781,445817,186279,2994,50676,1461,23816,1117804,319426,798378,1458278,731704,9322,382500,48818,1049.0,65.0
West Bengal,Kolkata,22.550581481481483,88.3527648148148,342,4496694,3440290,926414,39758,13849,4771,21178,1452,1308106,1308106,0,241932,10684,136618,927602,252644,1101.0,80.0
West Bengal,Maldah,25.08026802575105,88.17191684549356,332,3988845,1914352,2045151,13209,747,359,639,7929,958996,128678,830318,835430,313984,5357,297716,63525,1059.0,52.0
West Bengal,Murshidabad,24.25950655391121,88.16816860465121,333,7103807,2359061,4707573,18102,766,348,3037,7429,1851965,350899,1501066,897534,91035,7951,541169,79729,1044.0,57.0
West Bengal,Nadia,23.56410971055088,88.58293034547152,336,5167600,3728482,1382682,33835,849,514,281,16893,1549771,468390,1081381,1546917,140700,12787,623729,77210,1056.0,67.0
West Bengal,Puruliya,23.254192328767108,86.3968532876713,340,2930115,2373120,227249,8646,622,209,3052,309029,752652,99433,653219,567767,540652,3551,189889,32862,1045.0,55.0
West Bengal,Uttar Dinajpur,26.044619165196977,88.23595232216337,330,3007134,1482943,1501170,16702,477,432,1324,1622,778250,94269,683981,807950,162816,2883,199307,31210,1065.0,50.0
